ts_event,rtype,publisher_id,instrument_id,open,high,low,close,volume,symbol
2026-06-09T00:00:00.000000000Z,35,26,687865922,3.500000000,3.500000000,3.500000000,3.500000000,20,MSOX  270115C00001000
2026-06-09T00:00:00.000000000Z,35,29,687869153,1.950000000,1.950000000,1.950000000,1.950000000,1,MSOX  270115C00004000
2026-06-09T00:00:00.000000000Z,35,28,687867204,0.580000000,0.580000000,0.580000000,0.580000000,10,MSOX  260717P00004000
2026-06-09T00:00:00.000000000Z,35,28,687869128,1.100000000,1.100000000,1.100000000,1.100000000,2,MSOX  270115C00010000
2026-06-09T00:00:00.000000000Z,35,35,687867796,1.100000000,1.100000000,1.100000000,1.100000000,10,MSOX  260821C00005000
2026-06-09T00:00:00.000000000Z,35,37,687869128,1.100000000,1.150000000,1.100000000,1.150000000,6,MSOX  270115C00010000
2026-06-09T00:00:00.000000000Z,35,36,687869581,0.990000000,0.990000000,0.990000000,0.990000000,7,MSOX  260717C00004000
2026-06-09T00:00:00.000000000Z,35,33,687869581,1.250000000,1.250000000,1.250000000,1.250000000,100,MSOX  260717C00004000
2026-06-09T00:00:00.000000000Z,35,35,687869581,1.240000000,1.240000000,1.240000000,1.240000000,100,MSOX  260717C00004000
2026-06-09T00:00:00.000000000Z,35,26,687867511,1.130000000,1.130000000,1.130000000,1.130000000,2,MSOX  270115C00011000
2026-06-09T00:00:00.000000000Z,35,37,687869928,1.500000000,1.550000000,1.500000000,1.550000000,2,MSOX  270115C00005000
2026-06-09T00:00:00.000000000Z,35,22,687870384,0.330000000,0.330000000,0.330000000,0.330000000,2,MSOX  260717C00006000
2026-06-09T00:00:00.000000000Z,35,31,687866165,0.800000000,0.800000000,0.800000000,0.800000000,1,MSOX  260821C00006000
2026-06-09T00:00:00.000000000Z,35,21,687869581,0.880000000,0.880000000,0.880000000,0.880000000,50,MSOX  260717C00004000
2026-06-09T00:00:00.000000000Z,35,37,704645113,1.400000000,1.400000000,1.400000000,1.400000000,1,MSOX  260918C00004000
2026-06-09T00:00:00.000000000Z,35,61,704648524,0.400000000,0.400000000,0.300000000,0.300000000,6,MSOX  260618P00004000
2026-06-09T00:00:00.000000000Z,35,22,704646602,0.040000000,0.040000000,0.040000000,0.040000000,1,MSOX  260618C00010000
2026-06-09T00:00:00.000000000Z,35,24,704647600,0.050000000,0.050000000,0.050000000,0.050000000,19,MSOX  260618P00003000
2026-06-09T00:00:00.000000000Z,35,28,704645548,1.010000000,1.010000000,1.010000000,1.010000000,10,MSOX  260618P00005000
2026-06-09T00:00:00.000000000Z,35,24,704643558,0.150000000,0.150000000,0.150000000,0.150000000,10,MSOX  260618C00006000
2026-06-09T00:00:00.000000000Z,35,24,704644556,1.300000000,1.300000000,1.300000000,1.300000000,1,MSOX  260618C00003000
2026-06-09T00:00:00.000000000Z,35,26,704644556,1.080000000,1.080000000,1.080000000,1.080000000,1,MSOX  260618C00003000
2026-06-09T00:00:00.000000000Z,35,22,704648524,0.340000000,0.340000000,0.340000000,0.340000000,2,MSOX  260618P00004000
2026-06-09T00:00:00.000000000Z,35,26,704648524,0.200000000,0.200000000,0.200000000,0.200000000,1,MSOX  260618P00004000
2026-06-09T00:00:00.000000000Z,35,37,704643541,0.300000000,0.300000000,0.150000000,0.150000000,17,MSOX  260618C00005000
2026-06-09T00:00:00.000000000Z,35,29,704646616,0.900000000,0.900000000,0.900000000,0.900000000,5,MSOX  260618C00004000
2026-06-09T00:00:00.000000000Z,35,36,687865903,7.500000000,7.500000000,7.500000000,7.500000000,1,MSOX  270115P00011000
2026-06-09T00:00:00.000000000Z,35,22,687867783,1.140000000,1.140000000,1.140000000,1.140000000,4,MSOX  260821C00004000
2026-06-09T00:00:00.000000000Z,35,22,687869581,0.840000000,0.840000000,0.840000000,0.840000000,25,MSOX  260717C00004000
2026-06-09T00:00:00.000000000Z,35,26,687869928,1.950000000,1.950000000,1.950000000,1.950000000,1,MSOX  270115C00005000
2026-06-09T00:00:00.000000000Z,35,24,687867204,0.780000000,0.780000000,0.780000000,0.780000000,15,MSOX  260717P00004000
2026-06-09T00:00:00.000000000Z,35,27,704648524,0.180000000,0.180000000,0.180000000,0.180000000,5,MSOX  260618P00004000
2026-06-09T00:00:00.000000000Z,35,28,704647600,0.040000000,0.040000000,0.040000000,0.040000000,1,MSOX  260618P00003000
2026-06-09T00:00:00.000000000Z,35,37,704646616,0.600000000,0.600000000,0.400000000,0.400000000,142,MSOX  260618C00004000
2026-06-09T00:00:00.000000000Z,35,24,704648524,0.240000000,0.350000000,0.240000000,0.350000000,15,MSOX  260618P00004000
2026-06-09T00:00:00.000000000Z,35,36,704648524,0.230000000,0.270000000,0.230000000,0.270000000,300,MSOX  260618P00004000
2026-06-09T00:00:00.000000000Z,35,35,704644624,1.000000000,1.000000000,1.000000000,1.000000000,1,MSOX  261120C00010000
2026-06-09T00:00:00.000000000Z,35,26,704646616,0.700000000,0.700000000,0.450000000,0.450000000,2,MSOX  260618C00004000
2026-06-09T00:00:00.000000000Z,35,22,704643541,0.150000000,0.150000000,0.150000000,0.150000000,2,MSOX  260618C00005000
2026-06-09T00:00:00.000000000Z,35,35,704647600,0.040000000,0.050000000,0.030000000,0.030000000,78,MSOX  260618P00003000
2026-06-09T00:00:00.000000000Z,35,23,704645502,2.450000000,2.450000000,2.450000000,2.450000000,5,MSOX  261120C00003000
2026-06-09T00:00:00.000000000Z,35,24,704643541,0.350000000,0.350000000,0.350000000,0.350000000,1,MSOX  260618C00005000
2026-06-09T00:00:00.000000000Z,35,28,704643541,0.190000000,0.190000000,0.100000000,0.180000000,30,MSOX  260618C00005000
2026-06-09T00:00:00.000000000Z,35,26,704643541,0.150000000,0.150000000,0.150000000,0.150000000,25,MSOX  260618C00005000
2026-06-09T00:00:00.000000000Z,35,21,704644556,1.070000000,1.070000000,1.070000000,1.070000000,20,MSOX  260618C00003000
2026-06-09T00:00:00.000000000Z,35,32,704643541,0.150000000,0.150000000,0.150000000,0.150000000,13,MSOX  260618C00005000
2026-06-09T00:00:00.000000000Z,35,37,687867783,1.200000000,1.200000000,1.200000000,1.200000000,10,MSOX  260821C00004000
2026-06-09T00:00:00.000000000Z,35,35,687867965,0.700000000,0.700000000,0.700000000,0.700000000,5,MSOX  260717C00005000
2026-06-09T00:00:00.000000000Z,35,20,687867994,1.200000000,1.200000000,1.200000000,1.200000000,3,MSOX  260717C00003000
2026-06-09T00:00:00.000000000Z,35,35,687869928,1.520000000,1.520000000,1.520000000,1.520000000,1,MSOX  270115C00005000
2026-06-09T00:00:00.000000000Z,35,61,687869581,0.900000000,0.900000000,0.900000000,0.900000000,50,MSOX  260717C00004000
2026-06-09T00:00:00.000000000Z,35,37,687866403,0.300000000,0.300000000,0.300000000,0.300000000,5,MSOX  260717C00007000
2026-06-09T00:00:00.000000000Z,35,61,687869153,1.900000000,1.900000000,1.900000000,1.900000000,2,MSOX  270115C00004000
2026-06-09T00:00:00.000000000Z,35,28,687868802,0.230000000,0.230000000,0.230000000,0.230000000,10,MSOX  260717P00003000
2026-06-09T00:00:00.000000000Z,35,28,704646616,0.660000000,0.660000000,0.390000000,0.390000000,37,MSOX  260618C00004000
2026-06-09T00:00:00.000000000Z,35,27,704645502,2.150000000,2.150000000,2.150000000,2.150000000,2,MSOX  261120C00003000
2026-06-09T00:00:00.000000000Z,35,35,704645113,1.440000000,1.440000000,1.440000000,1.440000000,5,MSOX  260918C00004000
2026-06-09T00:00:00.000000000Z,35,22,704643558,0.100000000,0.100000000,0.100000000,0.100000000,2,MSOX  260618C00006000
2026-06-09T00:00:00.000000000Z,35,27,704647600,0.040000000,0.040000000,0.040000000,0.040000000,49,MSOX  260618P00003000
2026-06-09T00:00:00.000000000Z,35,21,704643541,0.140000000,0.140000000,0.140000000,0.140000000,3,MSOX  260618C00005000
2026-06-09T00:00:00.000000000Z,35,21,704646616,0.400000000,0.400000000,0.380000000,0.380000000,115,MSOX  260618C00004000
2026-06-09T00:00:00.000000000Z,35,20,704643558,0.140000000,0.140000000,0.100000000,0.100000000,7,MSOX  260618C00006000
2026-06-09T00:00:00.000000000Z,35,61,704644556,1.350000000,1.350000000,1.350000000,1.350000000,1,MSOX  260618C00003000
2026-06-09T00:00:00.000000000Z,35,37,704644556,1.450000000,1.450000000,1.450000000,1.450000000,3,MSOX  260618C00003000
2026-06-09T00:00:00.000000000Z,35,35,704643541,0.250000000,0.250000000,0.150000000,0.150000000,29,MSOX  260618C00005000
2026-06-09T00:00:00.000000000Z,35,35,704645535,1.970000000,1.970000000,1.970000000,1.970000000,20,MSOX  261120C00004000
2026-06-09T00:00:00.000000000Z,35,28,704648524,0.340000000,0.340000000,0.340000000,0.340000000,20,MSOX  260618P00004000
2026-06-09T00:00:00.000000000Z,35,21,704648524,0.250000000,0.250000000,0.250000000,0.250000000,1,MSOX  260618P00004000
2026-06-09T00:00:00.000000000Z,35,26,704645548,0.930000000,0.930000000,0.930000000,0.930000000,100,MSOX  260618P00005000
2026-06-09T00:00:00.000000000Z,35,27,704643541,0.260000000,0.260000000,0.260000000,0.260000000,2,MSOX  260618C00005000
2026-06-09T00:00:00.000000000Z,35,35,704648524,0.200000000,0.200000000,0.200000000,0.200000000,1,MSOX  260618P00004000
2026-06-09T00:00:00.000000000Z,35,37,687867965,0.500000000,0.500000000,0.500000000,0.500000000,5,MSOX  260717C00005000
2026-06-09T00:00:00.000000000Z,35,22,687868773,1.390000000,1.390000000,1.390000000,1.390000000,2,MSOX  260717P00005000
2026-06-09T00:00:00.000000000Z,35,20,687867204,0.750000000,0.750000000,0.750000000,0.750000000,5,MSOX  260717P00004000
2026-06-09T00:00:00.000000000Z,35,22,687867965,0.520000000,0.520000000,0.520000000,0.520000000,25,MSOX  260717C00005000
2026-06-09T00:00:00.000000000Z,35,35,687869953,19.150000000,19.150000000,19.150000000,19.150000000,1,MSOX  270115P00023000
2026-06-09T00:00:00.000000000Z,35,36,687870191,1.500000000,1.500000000,1.500000000,1.500000000,1,MSOX  260821C00003000
2026-06-09T00:00:00.000000000Z,35,35,704646616,0.600000000,0.600000000,0.380000000,0.380000000,37,MSOX  260618C00004000
2026-06-09T00:00:00.000000000Z,35,24,704646616,0.890000000,0.890000000,0.890000000,0.890000000,15,MSOX  260618C00004000
2026-06-09T00:00:00.000000000Z,35,36,704643541,0.140000000,0.140000000,0.140000000,0.140000000,30,MSOX  260618C00005000
2026-06-09T00:00:00.000000000Z,35,37,704647600,0.050000000,0.050000000,0.050000000,0.050000000,36,MSOX  260618P00003000
2026-06-09T00:00:00.000000000Z,35,37,704648524,0.200000000,0.200000000,0.200000000,0.200000000,100,MSOX  260618P00004000
2026-06-09T00:00:00.000000000Z,35,61,704646616,0.500000000,0.500000000,0.500000000,0.500000000,1,MSOX  260618C00004000
2026-06-09T00:00:00.000000000Z,35,21,704643558,0.090000000,0.090000000,0.090000000,0.090000000,2,MSOX  260618C00006000
2026-06-09T00:00:00.000000000Z,35,20,704643541,0.250000000,0.250000000,0.250000000,0.250000000,7,MSOX  260618C00005000
2026-06-09T00:00:00.000000000Z,35,28,704643558,0.070000000,0.070000000,0.070000000,0.070000000,1,MSOX  260618C00006000
2026-06-09T00:00:00.000000000Z,35,35,704643558,0.140000000,0.140000000,0.140000000,0.140000000,5,MSOX  260618C00006000
2026-06-09T00:00:00.000000000Z,35,26,704643558,0.100000000,0.100000000,0.100000000,0.100000000,5,MSOX  260618C00006000
2026-06-09T00:00:00.000000000Z,35,22,704647600,0.050000000,0.050000000,0.050000000,0.050000000,2,MSOX  260618P00003000
2026-06-09T00:00:00.000000000Z,35,26,704647600,0.050000000,0.050000000,0.050000000,0.050000000,2,MSOX  260618P00003000
2026-06-09T00:00:00.000000000Z,35,27,704643558,0.100000000,0.100000000,0.100000000,0.100000000,3,MSOX  260618C00006000
2026-06-10T00:00:00.000000000Z,35,26,687866168,1.120000000,1.120000000,1.120000000,1.120000000,110,MSOX  260821P00004000
2026-06-10T00:00:00.000000000Z,35,22,704648592,0.130000000,0.130000000,0.130000000,0.130000000,2,MSOX  260618C00005000
2026-06-10T00:00:00.000000000Z,35,37,704643528,0.300000000,0.400000000,0.300000000,0.400000000,312,MSOX  260618P00004000
2026-06-10T00:00:00.000000000Z,35,35,704643528,0.300000000,0.300000000,0.300000000,0.300000000,1,MSOX  260618P00004000
2026-06-10T00:00:00.000000000Z,35,26,704645513,1.120000000,1.120000000,1.120000000,1.120000000,110,MSOX  260618P00005000
2026-06-10T00:00:00.000000000Z,35,26,704643528,0.400000000,0.400000000,0.350000000,0.350000000,2,MSOX  260618P00004000
2026-06-10T00:00:00.000000000Z,35,24,687866368,0.290000000,0.290000000,0.290000000,0.290000000,5,MSOX  260717P00003000
2026-06-10T00:00:00.000000000Z,35,26,687866708,1.660000000,1.660000000,1.660000000,1.660000000,2,MSOX  270115C00006000
2026-06-10T00:00:00.000000000Z,35,36,687867549,3.050000000,3.050000000,3.050000000,3.050000000,1,MSOX  270115C00001000
2026-06-10T00:00:00.000000000Z,35,35,687869919,19.430000000,19.430000000,19.430000000,19.430000000,4,MSOX  270115P00023000
2026-06-10T00:00:00.000000000Z,35,35,687869397,1.190000000,1.190000000,1.190000000,1.190000000,1,MSOX  260821C00004000
2026-06-10T00:00:00.000000000Z,35,21,687870163,1.460000000,1.460000000,1.460000000,1.460000000,2,MSOX  260821C00003000
2026-06-10T00:00:00.000000000Z,35,26,687870163,1.500000000,1.500000000,1.500000000,1.500000000,1,MSOX  260821C00003000
2026-06-10T00:00:00.000000000Z,35,22,687866734,1.060000000,1.060000000,1.050000000,1.050000000,32,MSOX  270115C00010000
2026-06-10T00:00:00.000000000Z,35,22,687869397,1.030000000,1.030000000,0.970000000,0.970000000,4,MSOX  260821C00004000
2026-06-10T00:00:00.000000000Z,35,20,704643528,0.350000000,0.350000000,0.350000000,0.350000000,3,MSOX  260618P00004000
2026-06-10T00:00:00.000000000Z,35,26,704644401,1.900000000,1.900000000,1.900000000,1.900000000,1,MSOX  261120C00003000
2026-06-10T00:00:00.000000000Z,35,35,704645495,0.450000000,0.450000000,0.450000000,0.450000000,1,MSOX  261120P00002000
2026-06-10T00:00:00.000000000Z,35,27,704647538,0.450000000,0.450000000,0.450000000,0.450000000,3,MSOX  260618C00004000
2026-06-10T00:00:00.000000000Z,35,28,704647538,0.260000000,0.260000000,0.260000000,0.260000000,75,MSOX  260618C00004000
2026-06-10T00:00:00.000000000Z,35,37,704644524,1.000000000,1.000000000,0.900000000,0.900000000,30,MSOX  260618C00003000
2026-06-10T00:00:00.000000000Z,35,28,687869397,1.050000000,1.050000000,1.050000000,1.050000000,29,MSOX  260821C00004000
2026-06-10T00:00:00.000000000Z,35,20,687869907,1.490000000,1.490000000,1.490000000,1.490000000,1,MSOX  270115C00005000
2026-06-10T00:00:00.000000000Z,35,22,704647538,0.270000000,0.270000000,0.270000000,0.270000000,2,MSOX  260618C00004000
2026-06-10T00:00:00.000000000Z,35,37,704647538,0.300000000,0.300000000,0.250000000,0.250000000,56,MSOX  260618C00004000
2026-06-10T00:00:00.000000000Z,35,20,704647538,0.450000000,0.450000000,0.450000000,0.450000000,2,MSOX  260618C00004000
2026-06-10T00:00:00.000000000Z,35,28,704644524,1.020000000,1.020000000,1.020000000,1.020000000,29,MSOX  260618C00003000
2026-06-10T00:00:00.000000000Z,35,21,704645522,0.100000000,0.100000000,0.100000000,0.100000000,1,MSOX  260618C00006000
2026-06-10T00:00:00.000000000Z,35,26,704643682,3.190000000,3.190000000,3.190000000,3.190000000,1,MSOX  261016C00001000
2026-06-10T00:00:00.000000000Z,35,22,687869107,1.050000000,1.050000000,1.040000000,1.040000000,32,MSOX  270115C00011000
2026-06-10T00:00:00.000000000Z,35,21,704647538,0.340000000,0.340000000,0.340000000,0.340000000,2,MSOX  260618C00004000
2026-06-10T00:00:00.000000000Z,35,24,704645522,0.100000000,0.100000000,0.100000000,0.100000000,4,MSOX  260618C00006000
2026-06-10T00:00:00.000000000Z,35,20,704644439,1.670000000,1.670000000,1.670000000,1.670000000,2,MSOX  261120C00004000
2026-06-10T00:00:00.000000000Z,35,61,704646584,0.900000000,0.900000000,0.900000000,0.900000000,1,MSOX  261120C00009000
2026-06-10T00:00:00.000000000Z,35,26,704647538,0.450000000,0.450000000,0.300000000,0.300000000,51,MSOX  260618C00004000
2026-06-10T00:00:00.000000000Z,35,35,704643682,3.000000000,3.000000000,3.000000000,3.000000000,1,MSOX  261016C00001000
2026-06-10T00:00:00.000000000Z,35,35,704646579,2.950000000,3.140000000,2.950000000,3.140000000,2,MSOX  260618C00001000
2026-06-10T00:00:00.000000000Z,35,36,704643528,0.350000000,0.350000000,0.350000000,0.350000000,1,MSOX  260618P00004000
2026-06-11T00:00:00.000000000Z,35,22,687868332,0.940000000,0.950000000,0.910000000,0.930000000,30,MSOX  270115C00010000
2026-06-11T00:00:00.000000000Z,35,37,687867980,0.400000000,0.400000000,0.300000000,0.350000000,5,MSOX  260717C00005000
2026-06-11T00:00:00.000000000Z,35,24,687867980,0.330000000,0.330000000,0.330000000,0.330000000,10,MSOX  260717C00005000
2026-06-11T00:00:00.000000000Z,35,27,687870497,0.590000000,0.600000000,0.590000000,0.600000000,50,MSOX  260717C00004000
2026-06-11T00:00:00.000000000Z,35,26,687868332,0.800000000,0.800000000,0.800000000,0.800000000,1,MSOX  270115C00010000
2026-06-11T00:00:00.000000000Z,35,28,704644497,0.180000000,0.180000000,0.180000000,0.180000000,10,MSOX  260618C00004000
2026-06-11T00:00:00.000000000Z,35,35,704646541,0.050000000,0.050000000,0.050000000,0.050000000,2,MSOX  260618C00005000
2026-06-11T00:00:00.000000000Z,35,35,704647579,1.820000000,1.820000000,1.820000000,1.820000000,2,MSOX  261120C00003000
2026-06-11T00:00:00.000000000Z,35,31,704644497,0.150000000,0.150000000,0.150000000,0.150000000,3,MSOX  260618C00004000
2026-06-11T00:00:00.000000000Z,35,37,704648664,0.050000000,0.050000000,0.050000000,0.050000000,4,MSOX  260618P00003000
2026-06-11T00:00:00.000000000Z,35,21,704646541,0.050000000,0.050000000,0.050000000,0.050000000,1,MSOX  260618C00005000
2026-06-11T00:00:00.000000000Z,35,35,704644497,0.250000000,0.250000000,0.170000000,0.220000000,54,MSOX  260618C00004000
2026-06-11T00:00:00.000000000Z,35,35,704646532,1.200000000,1.200000000,1.200000000,1.200000000,60,MSOX  261120C00005000
2026-06-11T00:00:00.000000000Z,35,26,704645051,1.200000000,1.200000000,1.200000000,1.200000000,3,MSOX  261218C00006000
2026-06-11T00:00:00.000000000Z,35,20,704647640,0.570000000,0.570000000,0.570000000,0.570000000,20,MSOX  260618P00004000
2026-06-11T00:00:00.000000000Z,35,26,687867980,0.350000000,0.350000000,0.350000000,0.350000000,1,MSOX  260717C00005000
2026-06-11T00:00:00.000000000Z,35,35,687869623,0.270000000,0.270000000,0.270000000,0.270000000,1,MSOX  260717C00006000
2026-06-11T00:00:00.000000000Z,35,21,687868358,1.500000000,1.500000000,1.500000000,1.500000000,2,MSOX  270115C00004000
2026-06-11T00:00:00.000000000Z,35,22,687865937,0.810000000,0.810000000,0.780000000,0.800000000,30,MSOX  270115C00011000
2026-06-11T00:00:00.000000000Z,35,32,687867980,0.350000000,0.350000000,0.350000000,0.350000000,30,MSOX  260717C00005000
2026-06-11T00:00:00.000000000Z,35,29,687870240,0.850000000,0.850000000,0.850000000,0.850000000,5,MSOX  260821C00004000
2026-06-11T00:00:00.000000000Z,35,28,687867980,0.350000000,0.350000000,0.350000000,0.350000000,7,MSOX  260717C00005000
2026-06-11T00:00:00.000000000Z,35,36,704644497,0.170000000,0.170000000,0.170000000,0.170000000,1,MSOX  260618C00004000
2026-06-11T00:00:00.000000000Z,35,34,704644497,0.200000000,0.200000000,0.200000000,0.200000000,2,MSOX  260618C00004000
2026-06-11T00:00:00.000000000Z,35,26,704647640,0.500000000,0.600000000,0.500000000,0.600000000,100,MSOX  260618P00004000
2026-06-11T00:00:00.000000000Z,35,26,704644497,0.170000000,0.200000000,0.130000000,0.200000000,142,MSOX  260618C00004000
2026-06-11T00:00:00.000000000Z,35,21,704644497,0.180000000,0.180000000,0.180000000,0.180000000,2,MSOX  260618C00004000
2026-06-11T00:00:00.000000000Z,35,27,704644497,0.250000000,0.250000000,0.250000000,0.250000000,2,MSOX  260618C00004000
2026-06-11T00:00:00.000000000Z,35,35,704643541,0.700000000,0.740000000,0.700000000,0.740000000,11,MSOX  260618C00003000
2026-06-11T00:00:00.000000000Z,35,24,704647640,0.400000000,0.400000000,0.400000000,0.400000000,1,MSOX  260618P00004000
2026-06-11T00:00:00.000000000Z,35,31,687870240,0.850000000,0.850000000,0.850000000,0.850000000,20,MSOX  260821C00004000
2026-06-11T00:00:00.000000000Z,35,37,687870497,0.500000000,0.500000000,0.500000000,0.500000000,24,MSOX  260717C00004000
2026-06-11T00:00:00.000000000Z,35,28,687869623,0.350000000,0.350000000,0.350000000,0.350000000,13,MSOX  260717C00006000
2026-06-11T00:00:00.000000000Z,35,27,687866128,0.150000000,0.150000000,0.150000000,0.150000000,200,MSOX  260821P00002000
2026-06-11T00:00:00.000000000Z,35,24,704644497,0.130000000,0.250000000,0.130000000,0.250000000,10,MSOX  260618C00004000
2026-06-11T00:00:00.000000000Z,35,35,704645051,1.180000000,1.180000000,1.180000000,1.180000000,5,MSOX  261218C00006000
2026-06-11T00:00:00.000000000Z,35,37,704644497,0.200000000,0.200000000,0.150000000,0.200000000,67,MSOX  260618C00004000
2026-06-11T00:00:00.000000000Z,35,22,687870244,0.610000000,0.610000000,0.610000000,0.610000000,50,MSOX  260821C00005000
2026-06-11T00:00:00.000000000Z,35,26,687868946,16.250000000,16.490000000,16.250000000,16.490000000,2,MSOX  260821P00020000
2026-06-11T00:00:00.000000000Z,35,26,687870240,0.800000000,0.800000000,0.800000000,0.800000000,1,MSOX  260821C00004000
2026-06-11T00:00:00.000000000Z,35,26,687870244,0.650000000,0.650000000,0.650000000,0.650000000,4,MSOX  260821C00005000
2026-06-11T00:00:00.000000000Z,35,26,687865937,0.670000000,0.670000000,0.670000000,0.670000000,1,MSOX  270115C00011000
2026-06-11T00:00:00.000000000Z,35,37,704646541,0.050000000,0.050000000,0.050000000,0.050000000,11,MSOX  260618C00005000
2026-06-11T00:00:00.000000000Z,35,28,704643541,0.880000000,0.880000000,0.880000000,0.880000000,1,MSOX  260618C00003000
2026-06-11T00:00:00.000000000Z,35,35,704644558,1.650000000,1.800000000,1.650000000,1.800000000,4,MSOX  260618C00002000
2026-06-11T00:00:00.000000000Z,35,34,704645533,2.350000000,2.350000000,2.350000000,2.350000000,125,MSOX  261120P00005000
2026-06-12T00:00:00.000000000Z,35,35,687870143,1.110000000,1.110000000,1.110000000,1.110000000,1,MSOX  270115C00006000
2026-06-12T00:00:00.000000000Z,35,37,687867818,0.800000000,0.800000000,0.700000000,0.700000000,2,MSOX  260821C00004000
2026-06-12T00:00:00.000000000Z,35,22,687869301,0.770000000,0.820000000,0.770000000,0.770000000,45,MSOX  270115C00011000
2026-06-12T00:00:00.000000000Z,35,37,687868884,0.550000000,0.550000000,0.550000000,0.550000000,2,MSOX  260717C00004000
2026-06-12T00:00:00.000000000Z,35,20,687870105,1.100000000,1.100000000,1.100000000,1.100000000,1,MSOX  270115C00007000
2026-06-12T00:00:00.000000000Z,35,26,687867032,16.430000000,16.430000000,16.430000000,16.430000000,1,MSOX  260821P00020000
2026-06-12T00:00:00.000000000Z,35,35,687868884,0.530000000,0.530000000,0.470000000,0.470000000,51,MSOX  260717C00004000
2026-06-12T00:00:00.000000000Z,35,35,687869886,10.430000000,10.600000000,10.430000000,10.600000000,2,MSOX  260821P00014000
2026-06-12T00:00:00.000000000Z,35,35,687869715,0.200000000,0.200000000,0.200000000,0.200000000,1,MSOX  260717C00006000
2026-06-12T00:00:00.000000000Z,35,35,687869302,0.350000000,0.350000000,0.350000000,0.350000000,1,MSOX  270115C00023000
2026-06-12T00:00:00.000000000Z,35,22,687866363,1.000000000,1.000000000,0.890000000,0.890000000,2,MSOX  260717C00003000
2026-06-12T00:00:00.000000000Z,35,37,687869302,0.350000000,0.350000000,0.350000000,0.350000000,2,MSOX  270115C00023000
2026-06-12T00:00:00.000000000Z,35,37,687867201,0.300000000,0.350000000,0.300000000,0.350000000,3,MSOX  260717P00003000
2026-06-12T00:00:00.000000000Z,35,37,704644614,0.200000000,0.200000000,0.100000000,0.100000000,8,MSOX  260618C00004000
2026-06-12T00:00:00.000000000Z,35,20,704647556,2.150000000,2.150000000,2.150000000,2.150000000,1,MSOX  261120C00002000
2026-06-12T00:00:00.000000000Z,35,35,704644562,1.680000000,2.100000000,1.680000000,2.100000000,2,MSOX  260618C00002000
2026-06-12T00:00:00.000000000Z,35,20,704645588,0.500000000,0.500000000,0.500000000,0.500000000,1,MSOX  260618C00003000
2026-06-12T00:00:00.000000000Z,35,35,704648691,5.430000000,5.550000000,5.430000000,5.550000000,2,MSOX  260618P00009000
2026-06-12T00:00:00.000000000Z,35,20,704644614,0.070000000,0.070000000,0.070000000,0.070000000,2,MSOX  260618C00004000
2026-06-12T00:00:00.000000000Z,35,28,704645588,0.570000000,0.570000000,0.570000000,0.570000000,2,MSOX  260618C00003000
2026-06-12T00:00:00.000000000Z,35,26,704648681,0.030000000,0.030000000,0.030000000,0.030000000,1,MSOX  260618C00005000
2026-06-12T00:00:00.000000000Z,35,26,687870734,19.430000000,19.430000000,19.430000000,19.430000000,1,MSOX  260821P00023000
2026-06-12T00:00:00.000000000Z,35,26,687868163,17.640000000,17.640000000,17.640000000,17.640000000,1,MSOX  260821P00021000
2026-06-12T00:00:00.000000000Z,35,36,687867032,16.550000000,16.550000000,16.550000000,16.550000000,1,MSOX  260821P00020000
2026-06-12T00:00:00.000000000Z,35,20,687869715,0.190000000,0.190000000,0.190000000,0.190000000,1,MSOX  260717C00006000
2026-06-12T00:00:00.000000000Z,35,35,687869887,14.420000000,14.420000000,14.420000000,14.420000000,1,MSOX  260821P00018000
2026-06-12T00:00:00.000000000Z,35,36,687868078,0.860000000,0.910000000,0.860000000,0.910000000,10,MSOX  260717P00004000
2026-06-12T00:00:00.000000000Z,35,22,687867037,1.170000000,1.170000000,1.100000000,1.130000000,3,MSOX  260821C00003000
2026-06-12T00:00:00.000000000Z,35,35,687868163,17.430000000,17.430000000,17.430000000,17.430000000,1,MSOX  260821P00021000
2026-06-12T00:00:00.000000000Z,35,22,687865876,0.780000000,0.890000000,0.780000000,0.780000000,88,MSOX  270115C00010000
2026-06-12T00:00:00.000000000Z,35,35,687866498,15.690000000,15.690000000,15.690000000,15.690000000,1,MSOX  260821P00019000
2026-06-12T00:00:00.000000000Z,35,26,687866498,15.430000000,15.430000000,15.430000000,15.430000000,1,MSOX  260821P00019000
2026-06-12T00:00:00.000000000Z,35,22,687868409,0.870000000,0.900000000,0.870000000,0.870000000,43,MSOX  270115C00009000
2026-06-12T00:00:00.000000000Z,35,26,687867201,0.300000000,0.350000000,0.300000000,0.350000000,2,MSOX  260717P00003000
2026-06-12T00:00:00.000000000Z,35,35,704646058,6.680000000,6.680000000,6.680000000,6.680000000,1,MSOX  260618P00010000
2026-06-12T00:00:00.000000000Z,35,22,704645588,0.730000000,0.730000000,0.660000000,0.660000000,2,MSOX  260618C00003000
2026-06-12T00:00:00.000000000Z,35,21,687869715,0.180000000,0.180000000,0.180000000,0.180000000,1,MSOX  260717C00006000
2026-06-12T00:00:00.000000000Z,35,26,687869887,14.700000000,14.700000000,14.700000000,14.700000000,1,MSOX  260821P00018000
2026-06-12T00:00:00.000000000Z,35,35,687867201,0.320000000,0.350000000,0.320000000,0.350000000,2,MSOX  260717P00003000
2026-06-12T00:00:00.000000000Z,35,37,687870143,1.200000000,1.200000000,1.200000000,1.200000000,2,MSOX  270115C00006000
2026-06-12T00:00:00.000000000Z,35,23,687866369,0.400000000,0.400000000,0.400000000,0.400000000,10,MSOX  260717C00005000
2026-06-12T00:00:00.000000000Z,35,20,687866363,0.850000000,0.850000000,0.850000000,0.850000000,2,MSOX  260717C00003000
2026-06-12T00:00:00.000000000Z,35,35,704648681,0.030000000,0.030000000,0.030000000,0.030000000,1,MSOX  260618C00005000
2026-06-12T00:00:00.000000000Z,35,26,704646058,6.430000000,6.430000000,6.430000000,6.430000000,1,MSOX  260618P00010000
2026-06-12T00:00:00.000000000Z,35,32,704646609,0.010000000,0.010000000,0.010000000,0.010000000,1,MSOX  260618P00003000
2026-06-12T00:00:00.000000000Z,35,37,704645588,0.600000000,0.600000000,0.600000000,0.600000000,7,MSOX  260618C00003000
2026-06-12T00:00:00.000000000Z,35,35,704647098,4.430000000,4.430000000,4.430000000,4.430000000,1,MSOX  260618P00008000
2026-06-12T00:00:00.000000000Z,35,22,704646609,0.070000000,0.070000000,0.070000000,0.070000000,1,MSOX  260618P00003000
2026-06-12T00:00:00.000000000Z,35,37,704647693,0.450000000,0.450000000,0.450000000,0.450000000,5,MSOX  260618P00004000
2026-06-12T00:00:00.000000000Z,35,21,687867201,0.320000000,0.330000000,0.320000000,0.330000000,40,MSOX  260717P00003000
2026-06-12T00:00:00.000000000Z,35,24,687867201,0.350000000,0.350000000,0.350000000,0.350000000,15,MSOX  260717P00003000
2026-06-12T00:00:00.000000000Z,35,24,687866197,0.600000000,0.600000000,0.600000000,0.600000000,2,MSOX  260821P00003000
2026-06-12T00:00:00.000000000Z,35,34,687870142,1.650000000,1.650000000,1.650000000,1.650000000,1,MSOX  270115C00004000
2026-06-12T00:00:00.000000000Z,35,22,687870734,19.550000000,19.550000000,19.550000000,19.550000000,1,MSOX  260821P00023000
2026-06-12T00:00:00.000000000Z,35,20,687867037,1.250000000,1.250000000,1.250000000,1.250000000,2,MSOX  260821C00003000
2026-06-12T00:00:00.000000000Z,35,21,687870143,1.200000000,1.200000000,1.200000000,1.200000000,1,MSOX  270115C00006000
2026-06-12T00:00:00.000000000Z,35,28,687866197,0.610000000,0.610000000,0.610000000,0.610000000,15,MSOX  260821P00003000
2026-06-12T00:00:00.000000000Z,35,26,687868884,0.400000000,0.400000000,0.400000000,0.400000000,20,MSOX  260717C00004000
2026-06-12T00:00:00.000000000Z,35,26,687869302,0.350000000,0.350000000,0.300000000,0.300000000,2,MSOX  270115C00023000
2026-06-12T00:00:00.000000000Z,35,35,704644614,0.150000000,0.150000000,0.100000000,0.100000000,7,MSOX  260618C00004000
2026-06-12T00:00:00.000000000Z,35,22,704647098,4.520000000,4.520000000,4.520000000,4.520000000,1,MSOX  260618P00008000
2026-06-12T00:00:00.000000000Z,35,20,704644562,1.740000000,1.740000000,1.740000000,1.740000000,1,MSOX  260618C00002000
2026-06-12T00:00:00.000000000Z,35,61,704647693,0.450000000,0.450000000,0.450000000,0.450000000,14,MSOX  260618P00004000
2026-06-12T00:00:00.000000000Z,35,21,704645588,0.750000000,0.750000000,0.750000000,0.750000000,10,MSOX  260618C00003000
2026-06-12T00:00:00.000000000Z,35,61,704644614,0.200000000,0.200000000,0.200000000,0.200000000,3,MSOX  260618C00004000
2026-06-12T00:00:00.000000000Z,35,61,704645588,0.600000000,0.600000000,0.600000000,0.600000000,1,MSOX  260618C00003000
2026-06-12T00:00:00.000000000Z,35,37,704646609,0.050000000,0.050000000,0.050000000,0.050000000,2,MSOX  260618P00003000
2026-06-12T00:00:00.000000000Z,35,35,704649257,1.150000000,1.150000000,1.150000000,1.150000000,1,MSOX  261016C00005000
2026-06-12T00:00:00.000000000Z,35,24,704645588,0.490000000,0.490000000,0.490000000,0.490000000,1,MSOX  260618C00003000
2026-06-12T00:00:00.000000000Z,35,21,704644614,0.140000000,0.140000000,0.140000000,0.140000000,2,MSOX  260618C00004000
2026-06-12T00:00:00.000000000Z,35,27,704644614,0.080000000,0.080000000,0.080000000,0.080000000,40,MSOX  260618C00004000
2026-06-12T00:00:00.000000000Z,35,22,704644614,0.070000000,0.100000000,0.070000000,0.100000000,5,MSOX  260618C00004000
2026-06-15T00:00:00.000000000Z,35,37,687866764,0.400000000,0.400000000,0.400000000,0.400000000,5,MSOX  260717P00003000
2026-06-15T00:00:00.000000000Z,35,29,687872928,0.730000000,0.730000000,0.640000000,0.640000000,2,MSOX  260717C00003000
2026-06-15T00:00:00.000000000Z,35,61,687872928,0.640000000,0.640000000,0.640000000,0.640000000,2,MSOX  260717C00003000
2026-06-15T00:00:00.000000000Z,35,37,687874465,0.300000000,0.300000000,0.300000000,0.300000000,6,MSOX  260717C00004000
2026-06-15T00:00:00.000000000Z,35,22,687872107,0.780000000,0.780000000,0.730000000,0.770000000,34,MSOX  270115C00011000
2026-06-15T00:00:00.000000000Z,35,35,687871037,0.690000000,0.690000000,0.690000000,0.690000000,2,MSOX  260821C00004000
2026-06-15T00:00:00.000000000Z,35,22,687866764,0.520000000,0.520000000,0.400000000,0.400000000,3,MSOX  260717P00003000
2026-06-15T00:00:00.000000000Z,35,37,687871039,0.450000000,0.450000000,0.450000000,0.450000000,25,MSOX  260821C00005000
2026-06-15T00:00:00.000000000Z,35,37,687874477,0.100000000,0.100000000,0.100000000,0.100000000,8,MSOX  260717P00002000
2026-06-15T00:00:00.000000000Z,35,26,687872939,0.200000000,0.200000000,0.200000000,0.200000000,10,MSOX  260717C00005000
2026-06-15T00:00:00.000000000Z,35,22,687869019,0.810000000,0.810000000,0.800000000,0.800000000,38,MSOX  270115C00009000
2026-06-15T00:00:00.000000000Z,35,28,704647495,0.050000000,0.050000000,0.050000000,0.050000000,1,MSOX  260618C00004000
2026-06-15T00:00:00.000000000Z,35,26,704649334,0.050000000,0.050000000,0.050000000,0.050000000,10,MSOX  260618P00003000
2026-06-15T00:00:00.000000000Z,35,34,704651268,0.410000000,0.410000000,0.300000000,0.300000000,4,MSOX  260618C00003000
2026-06-15T00:00:00.000000000Z,35,25,704651268,0.350000000,0.350000000,0.350000000,0.350000000,1,MSOX  260618C00003000
2026-06-15T00:00:00.000000000Z,35,27,704653128,0.050000000,0.050000000,0.050000000,0.050000000,6,MSOX  260618C00005000
2026-06-15T00:00:00.000000000Z,35,22,704649334,0.120000000,0.120000000,0.120000000,0.120000000,1,MSOX  260618P00003000
2026-06-15T00:00:00.000000000Z,35,32,704651268,0.350000000,0.350000000,0.350000000,0.350000000,1,MSOX  260618C00003000
2026-06-15T00:00:00.000000000Z,35,21,687871037,0.690000000,0.690000000,0.690000000,0.690000000,5,MSOX  260821C00004000
2026-06-15T00:00:00.000000000Z,35,28,687867929,0.880000000,0.880000000,0.880000000,0.880000000,3,MSOX  260821C00003000
2026-06-15T00:00:00.000000000Z,35,35,687869015,2.300000000,2.300000000,2.300000000,2.300000000,3,MSOX  270115C00001000
2026-06-15T00:00:00.000000000Z,35,22,687869867,0.100000000,0.100000000,0.100000000,0.100000000,1,MSOX  260717C00006000
2026-06-15T00:00:00.000000000Z,35,24,687866764,0.350000000,0.350000000,0.350000000,0.350000000,10,MSOX  260717P00003000
2026-06-15T00:00:00.000000000Z,35,26,687872104,0.300000000,0.300000000,0.300000000,0.300000000,1,MSOX  270115C00023000
2026-06-15T00:00:00.000000000Z,35,21,687869867,0.140000000,0.140000000,0.140000000,0.140000000,1,MSOX  260717C00006000
2026-06-15T00:00:00.000000000Z,35,22,704645626,1.510000000,1.840000000,1.510000000,1.840000000,3,MSOX  260618P00005000
2026-06-15T00:00:00.000000000Z,35,37,704651268,0.400000000,0.400000000,0.250000000,0.300000000,298,MSOX  260618C00003000
2026-06-15T00:00:00.000000000Z,35,26,704651268,0.350000000,0.350000000,0.250000000,0.250000000,54,MSOX  260618C00003000
2026-06-15T00:00:00.000000000Z,35,21,704647495,0.050000000,0.050000000,0.050000000,0.050000000,7,MSOX  260618C00004000
2026-06-15T00:00:00.000000000Z,35,26,704647495,0.050000000,0.050000000,0.050000000,0.050000000,8,MSOX  260618C00004000
2026-06-15T00:00:00.000000000Z,35,20,687871039,0.500000000,0.500000000,0.500000000,0.500000000,15,MSOX  260821C00005000
2026-06-15T00:00:00.000000000Z,35,26,687872090,3.800000000,3.800000000,3.800000000,3.800000000,1,MSOX  270115P00006000
2026-06-15T00:00:00.000000000Z,35,24,687871037,0.750000000,0.750000000,0.650000000,0.650000000,2,MSOX  260821C00004000
2026-06-15T00:00:00.000000000Z,35,22,687872939,0.220000000,0.220000000,0.220000000,0.220000000,100,MSOX  260717C00005000
2026-06-15T00:00:00.000000000Z,35,24,687868304,0.950000000,0.950000000,0.950000000,0.950000000,1,MSOX  260717P00004000
2026-06-15T00:00:00.000000000Z,35,35,687872928,0.600000000,0.600000000,0.600000000,0.600000000,1,MSOX  260717C00003000
2026-06-15T00:00:00.000000000Z,35,24,704654175,0.990000000,0.990000000,0.990000000,0.990000000,3,MSOX  261016C00004000
2026-06-15T00:00:00.000000000Z,35,24,704647495,0.050000000,0.050000000,0.050000000,0.050000000,10,MSOX  260618C00004000
2026-06-15T00:00:00.000000000Z,35,28,704651268,0.350000000,0.350000000,0.350000000,0.350000000,52,MSOX  260618C00003000
2026-06-15T00:00:00.000000000Z,35,36,704643804,0.750000000,0.750000000,0.750000000,0.750000000,9,MSOX  260618P00004000
2026-06-15T00:00:00.000000000Z,35,27,704647495,0.060000000,0.060000000,0.060000000,0.060000000,1,MSOX  260618C00004000
2026-06-15T00:00:00.000000000Z,35,20,687869019,0.780000000,0.780000000,0.780000000,0.780000000,5,MSOX  270115C00009000
2026-06-15T00:00:00.000000000Z,35,20,687872107,0.800000000,0.800000000,0.770000000,0.770000000,11,MSOX  270115C00011000
2026-06-15T00:00:00.000000000Z,35,26,687874107,0.600000000,0.600000000,0.600000000,0.600000000,15,MSOX  260821P00003000
2026-06-15T00:00:00.000000000Z,35,20,687873639,0.920000000,0.920000000,0.660000000,0.660000000,16,MSOX  270115C00010000
2026-06-15T00:00:00.000000000Z,35,22,687866400,1.950000000,1.950000000,1.950000000,1.950000000,3,MSOX  260821P00005000
2026-06-15T00:00:00.000000000Z,35,34,687874465,0.400000000,0.400000000,0.400000000,0.400000000,2,MSOX  260717C00004000
2026-06-15T00:00:00.000000000Z,35,31,687871037,0.700000000,0.700000000,0.700000000,0.700000000,5,MSOX  260821C00004000
2026-06-15T00:00:00.000000000Z,35,22,687867929,0.970000000,0.970000000,0.970000000,0.970000000,2,MSOX  260821C00003000
2026-06-15T00:00:00.000000000Z,35,37,687871037,0.700000000,0.700000000,0.700000000,0.700000000,2,MSOX  260821C00004000
2026-06-15T00:00:00.000000000Z,35,34,687872928,0.740000000,0.740000000,0.630000000,0.630000000,4,MSOX  260717C00003000
2026-06-15T00:00:00.000000000Z,35,22,687871039,0.400000000,0.400000000,0.400000000,0.400000000,1,MSOX  260821C00005000
2026-06-15T00:00:00.000000000Z,35,35,687874465,0.330000000,0.330000000,0.330000000,0.330000000,8,MSOX  260717C00004000
2026-06-15T00:00:00.000000000Z,35,27,687871037,0.750000000,0.750000000,0.750000000,0.750000000,1,MSOX  260821C00004000
2026-06-15T00:00:00.000000000Z,35,36,687868304,1.010000000,1.010000000,1.010000000,1.010000000,9,MSOX  260717P00004000
2026-06-15T00:00:00.000000000Z,35,35,687869867,0.270000000,0.270000000,0.270000000,0.270000000,1,MSOX  260717C00006000
2026-06-15T00:00:00.000000000Z,35,26,687866764,0.400000000,0.400000000,0.400000000,0.400000000,10,MSOX  260717P00003000
2026-06-15T00:00:00.000000000Z,35,22,687873639,0.910000000,0.920000000,0.680000000,0.680000000,72,MSOX  270115C00010000
2026-06-15T00:00:00.000000000Z,35,29,704651268,0.400000000,0.400000000,0.320000000,0.320000000,2,MSOX  260618C00003000
2026-06-15T00:00:00.000000000Z,35,22,704647495,0.090000000,0.090000000,0.090000000,0.090000000,1,MSOX  260618C00004000
2026-06-15T00:00:00.000000000Z,35,35,704647495,0.050000000,0.060000000,0.050000000,0.050000000,53,MSOX  260618C00004000
2026-06-15T00:00:00.000000000Z,35,22,704651268,0.470000000,0.470000000,0.350000000,0.370000000,4,MSOX  260618C00003000
2026-06-15T00:00:00.000000000Z,35,22,704647481,1.430000000,1.430000000,1.430000000,1.430000000,1,MSOX  260618C00002000
2026-06-15T00:00:00.000000000Z,35,37,704647495,0.050000000,0.050000000,0.050000000,0.050000000,16,MSOX  260618C00004000
2026-06-15T00:00:00.000000000Z,35,61,704651268,0.320000000,0.320000000,0.320000000,0.320000000,2,MSOX  260618C00003000
2026-06-15T00:00:00.000000000Z,35,31,704651268,0.350000000,0.350000000,0.350000000,0.350000000,1,MSOX  260618C00003000
2026-06-15T00:00:00.000000000Z,35,24,704651268,0.350000000,0.350000000,0.300000000,0.300000000,54,MSOX  260618C00003000
2026-06-15T00:00:00.000000000Z,35,20,704651268,0.350000000,0.350000000,0.350000000,0.350000000,1,MSOX  260618C00003000
2026-06-16T00:00:00.000000000Z,35,37,687874374,0.050000000,0.050000000,0.050000000,0.050000000,3,MSOX  260717C00007000
2026-06-16T00:00:00.000000000Z,35,37,687872845,0.150000000,0.150000000,0.150000000,0.150000000,5,MSOX  260717C00005000
2026-06-16T00:00:00.000000000Z,35,61,687868292,0.300000000,0.300000000,0.300000000,0.300000000,1,MSOX  260717C00004000
2026-06-16T00:00:00.000000000Z,35,28,687872875,0.530000000,0.530000000,0.530000000,0.530000000,1,MSOX  260717C00003000
2026-06-16T00:00:00.000000000Z,35,61,687871345,0.400000000,0.400000000,0.400000000,0.400000000,1,MSOX  260717P00003000
2026-06-16T00:00:00.000000000Z,35,20,687870532,0.760000000,0.790000000,0.730000000,0.790000000,21,MSOX  270115C00009000
2026-06-16T00:00:00.000000000Z,35,24,704651390,0.200000000,0.200000000,0.200000000,0.200000000,33,MSOX  260618C00003000
2026-06-16T00:00:00.000000000Z,35,37,704653200,0.100000000,0.150000000,0.100000000,0.150000000,6,MSOX  260618P00003000
2026-06-16T00:00:00.000000000Z,35,20,687872875,0.590000000,0.590000000,0.590000000,0.590000000,1,MSOX  260717C00003000
2026-06-16T00:00:00.000000000Z,35,61,687872845,0.250000000,0.250000000,0.250000000,0.250000000,5,MSOX  260717C00005000
2026-06-16T00:00:00.000000000Z,35,37,687872875,0.550000000,0.600000000,0.550000000,0.600000000,168,MSOX  260717C00003000
2026-06-16T00:00:00.000000000Z,35,27,687872845,0.180000000,0.180000000,0.180000000,0.180000000,5,MSOX  260717C00005000
2026-06-16T00:00:00.000000000Z,35,36,687867923,0.690000000,0.740000000,0.690000000,0.740000000,10,MSOX  260821P00003000
2026-06-16T00:00:00.000000000Z,35,37,687868292,0.250000000,0.250000000,0.250000000,0.250000000,1,MSOX  260717C00004000
2026-06-16T00:00:00.000000000Z,35,61,687873999,0.650000000,0.650000000,0.600000000,0.600000000,10,MSOX  260821C00004000
2026-06-16T00:00:00.000000000Z,35,20,687873571,0.750000000,0.780000000,0.720000000,0.780000000,21,MSOX  270115C00010000
2026-06-16T00:00:00.000000000Z,35,22,687873999,0.540000000,0.540000000,0.540000000,0.540000000,1,MSOX  260821C00004000
2026-06-16T00:00:00.000000000Z,35,22,704643824,1.300000000,1.300000000,1.300000000,1.300000000,1,MSOX  260618C00002000
2026-06-16T00:00:00.000000000Z,35,37,704651390,0.200000000,0.200000000,0.150000000,0.150000000,5,MSOX  260618C00003000
2026-06-16T00:00:00.000000000Z,35,28,704643742,0.040000000,0.040000000,0.040000000,0.040000000,1,MSOX  260618C00004000
2026-06-16T00:00:00.000000000Z,35,27,704643742,0.020000000,0.020000000,0.020000000,0.020000000,1,MSOX  260618C00004000
2026-06-16T00:00:00.000000000Z,35,61,704643742,0.050000000,0.050000000,0.050000000,0.050000000,1,MSOX  260618C00004000
2026-06-16T00:00:00.000000000Z,35,36,704653200,0.090000000,0.090000000,0.090000000,0.090000000,2,MSOX  260618P00003000
2026-06-16T00:00:00.000000000Z,35,26,704649408,0.750000000,0.750000000,0.750000000,0.750000000,100,MSOX  260618P00004000
2026-06-16T00:00:00.000000000Z,35,22,687870532,0.730000000,0.780000000,0.730000000,0.780000000,62,MSOX  270115C00009000
2026-06-16T00:00:00.000000000Z,35,35,687868292,0.330000000,0.330000000,0.250000000,0.250000000,120,MSOX  260717C00004000
2026-06-16T00:00:00.000000000Z,35,36,687868295,0.090000000,0.090000000,0.090000000,0.090000000,20,MSOX  260717P00002000
2026-06-16T00:00:00.000000000Z,35,26,687868292,0.270000000,0.270000000,0.270000000,0.270000000,4,MSOX  260717C00004000
2026-06-16T00:00:00.000000000Z,35,35,687866769,0.100000000,0.110000000,0.100000000,0.100000000,16,MSOX  260717C00006000
2026-06-16T00:00:00.000000000Z,35,27,687874009,0.380000000,0.380000000,0.380000000,0.380000000,7,MSOX  260821C00005000
2026-06-16T00:00:00.000000000Z,35,37,687871345,0.450000000,0.450000000,0.450000000,0.450000000,5,MSOX  260717P00003000
2026-06-16T00:00:00.000000000Z,35,22,687872875,0.500000000,0.590000000,0.500000000,0.590000000,3,MSOX  260717C00003000
2026-06-16T00:00:00.000000000Z,35,26,687867920,1.350000000,1.350000000,1.340000000,1.340000000,5,MSOX  260821P00004000
2026-06-16T00:00:00.000000000Z,35,37,687870506,1.100000000,1.100000000,1.100000000,1.100000000,1,MSOX  270115C00005000
2026-06-16T00:00:00.000000000Z,35,35,687872875,0.600000000,0.600000000,0.600000000,0.600000000,42,MSOX  260717C00003000
2026-06-16T00:00:00.000000000Z,35,20,687873999,0.530000000,0.530000000,0.530000000,0.530000000,1,MSOX  260821C00004000
2026-06-16T00:00:00.000000000Z,35,26,687867923,0.750000000,0.750000000,0.750000000,0.750000000,2,MSOX  260821P00003000
2026-06-16T00:00:00.000000000Z,35,26,687869846,0.950000000,0.950000000,0.950000000,0.950000000,100,MSOX  260717P00004000
2026-06-16T00:00:00.000000000Z,35,33,687866769,0.100000000,0.100000000,0.100000000,0.100000000,1,MSOX  260717C00006000
2026-06-16T00:00:00.000000000Z,35,26,704651390,0.200000000,0.200000000,0.200000000,0.200000000,24,MSOX  260618C00003000
2026-06-16T00:00:00.000000000Z,35,22,704649408,0.940000000,0.940000000,0.940000000,0.940000000,200,MSOX  260618P00004000
2026-06-16T00:00:00.000000000Z,35,37,704643742,0.050000000,0.050000000,0.050000000,0.050000000,1,MSOX  260618C00004000
2026-06-16T00:00:00.000000000Z,35,22,704651261,1.700000000,1.700000000,1.700000000,1.700000000,1,MSOX  261120C00002000
2026-06-16T00:00:00.000000000Z,35,35,687869439,0.800000000,0.800000000,0.800000000,0.800000000,24,MSOX  260821C00003000
2026-06-16T00:00:00.000000000Z,35,27,687866769,0.100000000,0.100000000,0.100000000,0.100000000,1,MSOX  260717C00006000
2026-06-16T00:00:00.000000000Z,35,36,687871345,0.410000000,0.410000000,0.400000000,0.400000000,20,MSOX  260717P00003000
2026-06-16T00:00:00.000000000Z,35,26,687870534,1.340000000,1.340000000,1.340000000,1.340000000,15,MSOX  270115P00003000
2026-06-16T00:00:00.000000000Z,35,35,687868295,0.120000000,0.120000000,0.120000000,0.120000000,1,MSOX  260717P00002000
2026-06-16T00:00:00.000000000Z,35,26,687872024,1.470000000,1.470000000,1.470000000,1.470000000,15,MSOX  270115C00003000
2026-06-16T00:00:00.000000000Z,35,36,687872875,0.700000000,0.700000000,0.700000000,0.700000000,19,MSOX  260717C00003000
2026-06-16T00:00:00.000000000Z,35,61,687870506,1.000000000,1.000000000,1.000000000,1.000000000,5,MSOX  270115C00005000
2026-06-16T00:00:00.000000000Z,35,26,687869812,1.370000000,1.370000000,1.370000000,1.370000000,1,MSOX  260717C00002000
2026-06-16T00:00:00.000000000Z,35,37,687867923,0.750000000,0.750000000,0.750000000,0.750000000,1,MSOX  260821P00003000
2026-06-16T00:00:00.000000000Z,35,28,687871345,0.450000000,0.450000000,0.450000000,0.450000000,10,MSOX  260717P00003000
2026-06-16T00:00:00.000000000Z,35,22,687869846,1.170000000,1.170000000,1.170000000,1.170000000,200,MSOX  260717P00004000
2026-06-16T00:00:00.000000000Z,35,22,687873571,0.720000000,0.770000000,0.720000000,0.770000000,62,MSOX  270115C00010000
2026-06-16T00:00:00.000000000Z,35,35,687873536,1.200000000,1.200000000,1.200000000,1.200000000,1,MSOX  270115C00004000
2026-06-16T00:00:00.000000000Z,35,28,687869846,1.150000000,1.150000000,1.150000000,1.150000000,10,MSOX  260717P00004000
2026-06-16T00:00:00.000000000Z,35,26,704645727,0.010000000,0.010000000,0.010000000,0.010000000,5,MSOX  260618C00005000
2026-06-16T00:00:00.000000000Z,35,26,704643824,1.330000000,1.330000000,1.330000000,1.330000000,1,MSOX  260618C00002000
2026-06-16T00:00:00.000000000Z,35,36,704651390,0.450000000,0.450000000,0.450000000,0.450000000,19,MSOX  260618C00003000
2026-06-17T00:00:00.000000000Z,35,36,687868346,1.120000000,1.120000000,1.120000000,1.120000000,5,MSOX  260717P00004000
2026-06-17T00:00:00.000000000Z,35,34,687867948,1.300000000,1.300000000,1.300000000,1.300000000,1,MSOX  260821C00002000
2026-06-17T00:00:00.000000000Z,35,22,687868346,1.100000000,1.100000000,1.100000000,1.100000000,100,MSOX  260717P00004000
2026-06-17T00:00:00.000000000Z,35,20,687873623,0.690000000,0.700000000,0.660000000,0.660000000,11,MSOX  270115C00009000
2026-06-17T00:00:00.000000000Z,35,26,687872964,0.410000000,0.410000000,0.410000000,0.410000000,1,MSOX  260717P00003000
2026-06-17T00:00:00.000000000Z,35,37,687872582,0.400000000,0.400000000,0.400000000,0.400000000,30,MSOX  260821C00005000
2026-06-17T00:00:00.000000000Z,35,28,687871376,0.060000000,0.060000000,0.060000000,0.060000000,1,MSOX  260717P00002000
2026-06-17T00:00:00.000000000Z,35,37,687871394,0.250000000,0.250000000,0.250000000,0.250000000,111,MSOX  260717C00004000
2026-06-17T00:00:00.000000000Z,35,20,687871394,0.250000000,0.250000000,0.250000000,0.250000000,10,MSOX  260717C00004000
2026-06-17T00:00:00.000000000Z,35,20,687869881,0.520000000,0.520000000,0.520000000,0.520000000,2,MSOX  260717C00003000
2026-06-17T00:00:00.000000000Z,35,37,687872964,0.450000000,0.450000000,0.450000000,0.450000000,6,MSOX  260717P00003000
2026-06-17T00:00:00.000000000Z,35,37,687869852,0.150000000,0.150000000,0.150000000,0.150000000,5,MSOX  260717C00005000
2026-06-17T00:00:00.000000000Z,35,22,704645702,0.190000000,0.190000000,0.190000000,0.190000000,1,MSOX  260618C00003000
2026-06-17T00:00:00.000000000Z,35,37,687867948,1.300000000,1.300000000,1.300000000,1.300000000,2,MSOX  260821C00002000
2026-06-17T00:00:00.000000000Z,35,24,687871394,0.250000000,0.250000000,0.240000000,0.240000000,110,MSOX  260717C00004000
2026-06-17T00:00:00.000000000Z,35,24,687869852,0.150000000,0.150000000,0.150000000,0.150000000,2,MSOX  260717C00005000
2026-06-17T00:00:00.000000000Z,35,36,687869881,0.510000000,0.510000000,0.510000000,0.510000000,6,MSOX  260717C00003000
2026-06-17T00:00:00.000000000Z,35,25,687872964,0.450000000,0.450000000,0.450000000,0.450000000,5,MSOX  260717P00003000
2026-06-17T00:00:00.000000000Z,35,25,687871394,0.250000000,0.250000000,0.250000000,0.250000000,120,MSOX  260717C00004000
2026-06-17T00:00:00.000000000Z,35,20,687870551,0.580000000,0.590000000,0.550000000,0.560000000,11,MSOX  270115C00010000
2026-06-17T00:00:00.000000000Z,35,28,687872964,0.580000000,0.580000000,0.580000000,0.580000000,10,MSOX  260717P00003000
2026-06-17T00:00:00.000000000Z,35,61,687872964,0.400000000,0.400000000,0.400000000,0.400000000,4,MSOX  260717P00003000
2026-06-17T00:00:00.000000000Z,35,22,687873623,0.670000000,0.690000000,0.660000000,0.670000000,37,MSOX  270115C00009000
2026-06-17T00:00:00.000000000Z,35,35,704645702,0.150000000,0.150000000,0.110000000,0.110000000,6,MSOX  260618C00003000
2026-06-17T00:00:00.000000000Z,35,37,704645702,0.150000000,0.200000000,0.150000000,0.200000000,3,MSOX  260618C00003000
2026-06-17T00:00:00.000000000Z,35,26,704645702,0.190000000,0.190000000,0.190000000,0.190000000,1,MSOX  260618C00003000
2026-06-17T00:00:00.000000000Z,35,21,704649431,0.100000000,0.100000000,0.100000000,0.100000000,5,MSOX  260618P00003000
2026-06-17T00:00:00.000000000Z,35,22,704653254,0.550000000,0.900000000,0.550000000,0.900000000,102,MSOX  260618P00004000
2026-06-17T00:00:00.000000000Z,35,20,704651382,1.130000000,1.130000000,1.100000000,1.100000000,3,MSOX  260618C00002000
2026-06-17T00:00:00.000000000Z,35,26,687869881,0.550000000,0.710000000,0.550000000,0.710000000,51,MSOX  260717C00003000
2026-06-17T00:00:00.000000000Z,35,26,687866771,0.290000000,0.290000000,0.290000000,0.290000000,1,MSOX  260717C00007000
2026-06-17T00:00:00.000000000Z,35,35,687872125,2.250000000,2.250000000,2.250000000,2.250000000,3,MSOX  270115C00001000
2026-06-17T00:00:00.000000000Z,35,26,687871067,0.200000000,0.200000000,0.200000000,0.200000000,2,MSOX  260821C00007000
2026-06-17T00:00:00.000000000Z,35,20,687867948,1.290000000,1.290000000,1.290000000,1.290000000,1,MSOX  260821C00002000
2026-06-17T00:00:00.000000000Z,35,35,687871394,0.250000000,0.250000000,0.250000000,0.250000000,37,MSOX  260717C00004000
2026-06-17T00:00:00.000000000Z,35,28,687868346,1.280000000,1.280000000,1.280000000,1.280000000,10,MSOX  260717P00004000
2026-06-17T00:00:00.000000000Z,35,21,687869881,0.460000000,0.460000000,0.460000000,0.460000000,2,MSOX  260717C00003000
2026-06-17T00:00:00.000000000Z,35,35,687867510,0.230000000,0.230000000,0.230000000,0.230000000,2,MSOX  270115C00023000
2026-06-17T00:00:00.000000000Z,35,28,704649431,0.070000000,0.070000000,0.070000000,0.070000000,10,MSOX  260618P00003000
2026-06-17T00:00:00.000000000Z,35,20,704645702,0.150000000,0.200000000,0.120000000,0.150000000,7,MSOX  260618C00003000
2026-06-17T00:00:00.000000000Z,35,27,687871067,0.260000000,0.260000000,0.260000000,0.260000000,2,MSOX  260821C00007000
2026-06-17T00:00:00.000000000Z,35,22,687870551,0.560000000,0.580000000,0.550000000,0.560000000,37,MSOX  270115C00010000
2026-06-17T00:00:00.000000000Z,35,37,687871034,0.200000000,0.200000000,0.200000000,0.200000000,40,MSOX  260821P00002000
2026-06-17T00:00:00.000000000Z,35,35,687867977,2.000000000,2.110000000,2.000000000,2.110000000,2,MSOX  260821C00001000
2026-06-17T00:00:00.000000000Z,35,26,687867948,1.300000000,1.300000000,1.290000000,1.290000000,6,MSOX  260821C00002000
2026-06-17T00:00:00.000000000Z,35,28,687871394,0.250000000,0.250000000,0.250000000,0.250000000,100,MSOX  260717C00004000
2026-06-17T00:00:00.000000000Z,35,26,687871394,0.250000000,0.250000000,0.250000000,0.250000000,13,MSOX  260717C00004000
2026-06-17T00:00:00.000000000Z,35,35,687872964,0.410000000,0.460000000,0.410000000,0.460000000,13,MSOX  260717P00003000
2026-06-17T00:00:00.000000000Z,35,26,687873642,1.150000000,1.150000000,1.150000000,1.150000000,1,MSOX  270115C00004000
2026-06-17T00:00:00.000000000Z,35,27,687869881,0.520000000,0.520000000,0.520000000,0.520000000,1,MSOX  260717C00003000
2026-06-17T00:00:00.000000000Z,35,22,704651382,1.170000000,1.170000000,1.170000000,1.170000000,1,MSOX  260618C00002000
2026-06-17T00:00:00.000000000Z,35,37,704644183,0.750000000,0.750000000,0.750000000,0.750000000,1,MSOX  260918C00004000
2026-06-17T00:00:00.000000000Z,35,35,704649431,0.070000000,0.090000000,0.070000000,0.090000000,40,MSOX  260618P00003000
2026-06-17T00:00:00.000000000Z,35,26,704643902,0.030000000,0.030000000,0.030000000,0.030000000,1,MSOX  260618C00007000
2026-06-18T00:00:00.000000000Z,35,22,687865931,0.570000000,0.570000000,0.550000000,0.550000000,27,MSOX  270115C00010000
2026-06-18T00:00:00.000000000Z,35,26,687871388,1.150000000,1.150000000,1.100000000,1.100000000,9,MSOX  260717C00002000
2026-06-18T00:00:00.000000000Z,35,26,687866426,0.500000000,0.500000000,0.500000000,0.500000000,3,MSOX  260821C00004000
2026-06-18T00:00:00.000000000Z,35,28,687874529,0.470000000,0.470000000,0.470000000,0.470000000,1,MSOX  260717P00003000
2026-06-18T00:00:00.000000000Z,35,22,687869844,0.230000000,0.260000000,0.230000000,0.260000000,2,MSOX  260717C00004000
2026-06-18T00:00:00.000000000Z,35,35,687872939,0.150000000,0.150000000,0.150000000,0.150000000,1,MSOX  260717C00005000
2026-06-18T00:00:00.000000000Z,35,37,687865950,1.700000000,1.700000000,1.700000000,1.700000000,50,MSOX  270115C00002000
2026-06-18T00:00:00.000000000Z,35,26,687865950,1.700000000,1.700000000,1.700000000,1.700000000,2,MSOX  270115C00002000
2026-06-18T00:00:00.000000000Z,35,26,687872939,0.180000000,0.180000000,0.180000000,0.180000000,1,MSOX  260717C00005000
2026-06-18T00:00:00.000000000Z,35,35,687869844,0.300000000,0.300000000,0.300000000,0.300000000,1,MSOX  260717C00004000
2026-06-18T00:00:00.000000000Z,35,26,687869862,0.100000000,0.100000000,0.100000000,0.100000000,20,MSOX  260717P00002000
2026-06-18T00:00:00.000000000Z,35,35,687872559,1.150000000,1.250000000,1.150000000,1.250000000,7,MSOX  260821C00002000
2026-06-18T00:00:00.000000000Z,35,20,687874529,0.400000000,0.430000000,0.400000000,0.430000000,100,MSOX  260717P00003000
2026-06-18T00:00:00.000000000Z,35,26,704644845,1.000000000,1.000000000,1.000000000,1.000000000,5,MSOX  261218C00005000
2026-06-18T00:00:00.000000000Z,35,35,704647569,1.020000000,1.020000000,1.020000000,1.020000000,30,MSOX  260618C00002000
2026-06-18T00:00:00.000000000Z,35,31,704643790,0.050000000,0.050000000,0.050000000,0.050000000,2,MSOX  260618C00003000
2026-06-18T00:00:00.000000000Z,35,20,704643790,0.110000000,0.110000000,0.110000000,0.110000000,2,MSOX  260618C00003000
2026-06-18T00:00:00.000000000Z,35,26,704646696,1.500000000,1.500000000,1.500000000,1.500000000,5,MSOX  261016C00002000
2026-06-18T00:00:00.000000000Z,35,37,704643790,0.100000000,0.300000000,0.100000000,0.300000000,53,MSOX  260618C00003000
2026-06-18T00:00:00.000000000Z,35,31,704649432,0.050000000,0.050000000,0.050000000,0.050000000,31,MSOX  260618P00003000
2026-06-18T00:00:00.000000000Z,35,22,704643790,0.080000000,0.200000000,0.050000000,0.200000000,273,MSOX  260618C00003000
2026-06-18T00:00:00.000000000Z,35,21,704643790,0.050000000,0.060000000,0.050000000,0.060000000,4,MSOX  260618C00003000
2026-06-18T00:00:00.000000000Z,35,31,687866426,0.650000000,0.650000000,0.650000000,0.650000000,9,MSOX  260821C00004000
2026-06-18T00:00:00.000000000Z,35,27,687874529,0.410000000,0.410000000,0.410000000,0.410000000,3,MSOX  260717P00003000
2026-06-18T00:00:00.000000000Z,35,37,687874529,0.350000000,0.350000000,0.350000000,0.350000000,10,MSOX  260717P00003000
2026-06-18T00:00:00.000000000Z,35,21,687872927,0.440000000,0.570000000,0.440000000,0.570000000,38,MSOX  260717C00003000
2026-06-18T00:00:00.000000000Z,35,37,687869844,0.250000000,0.350000000,0.250000000,0.350000000,107,MSOX  260717C00004000
2026-06-18T00:00:00.000000000Z,35,35,687872927,0.530000000,0.680000000,0.530000000,0.680000000,8,MSOX  260717C00003000
2026-06-18T00:00:00.000000000Z,35,21,687872939,0.150000000,0.150000000,0.150000000,0.150000000,1,MSOX  260717C00005000
2026-06-18T00:00:00.000000000Z,35,35,687874529,0.350000000,0.450000000,0.350000000,0.450000000,11,MSOX  260717P00003000
2026-06-18T00:00:00.000000000Z,35,27,687869844,0.220000000,0.220000000,0.220000000,0.220000000,1,MSOX  260717C00004000
2026-06-18T00:00:00.000000000Z,35,36,687872559,1.270000000,1.380000000,1.270000000,1.380000000,22,MSOX  260821C00002000
2026-06-18T00:00:00.000000000Z,35,21,687869455,0.990000000,0.990000000,0.990000000,0.990000000,12,MSOX  260821C00003000
2026-06-18T00:00:00.000000000Z,35,28,687869455,0.780000000,0.780000000,0.780000000,0.780000000,65,MSOX  260821C00003000
2026-06-18T00:00:00.000000000Z,35,21,687871388,1.250000000,1.250000000,1.250000000,1.250000000,1,MSOX  260717C00002000
2026-06-18T00:00:00.000000000Z,35,26,687876011,1.400000000,1.400000000,0.750000000,0.750000000,20,MSOX  270219P00002000
2026-06-18T00:00:00.000000000Z,35,27,704649432,0.100000000,0.100000000,0.100000000,0.100000000,20,MSOX  260618P00003000
2026-06-18T00:00:00.000000000Z,35,37,704651300,1.100000000,1.100000000,1.100000000,1.100000000,1,MSOX  261120C00004000
2026-06-18T00:00:00.000000000Z,35,26,704649432,0.100000000,0.100000000,0.100000000,0.100000000,10,MSOX  260618P00003000
2026-06-18T00:00:00.000000000Z,35,26,704643790,0.120000000,0.120000000,0.120000000,0.120000000,9,MSOX  260618C00003000
2026-06-18T00:00:00.000000000Z,35,26,704651381,0.030000000,0.030000000,0.030000000,0.030000000,1,MSOX  260618C00005000
2026-06-18T00:00:00.000000000Z,35,26,704645670,0.920000000,0.920000000,0.920000000,0.920000000,4,MSOX  260618P00004000
2026-06-18T00:00:00.000000000Z,35,20,704645670,0.930000000,0.930000000,0.930000000,0.930000000,5,MSOX  260618P00004000
2026-06-18T00:00:00.000000000Z,35,61,704643790,0.050000000,0.100000000,0.050000000,0.100000000,42,MSOX  260618C00003000
2026-06-18T00:00:00.000000000Z,35,22,704649432,0.100000000,0.100000000,0.100000000,0.100000000,10,MSOX  260618P00003000
2026-06-18T00:00:00.000000000Z,35,31,687872927,0.550000000,0.550000000,0.550000000,0.550000000,11,MSOX  260717C00003000
2026-06-18T00:00:00.000000000Z,35,61,687865931,0.550000000,0.550000000,0.550000000,0.550000000,10,MSOX  270115C00010000
2026-06-18T00:00:00.000000000Z,35,37,687875378,1.150000000,1.150000000,1.150000000,1.150000000,1,MSOX  270219C00006000
2026-06-18T00:00:00.000000000Z,35,35,687866426,0.490000000,0.490000000,0.490000000,0.490000000,5,MSOX  260821C00004000
2026-06-18T00:00:00.000000000Z,35,25,687872559,1.350000000,1.350000000,1.350000000,1.350000000,10,MSOX  260821C00002000
2026-06-18T00:00:00.000000000Z,35,28,687866426,0.490000000,0.660000000,0.480000000,0.660000000,40,MSOX  260821C00004000
2026-06-18T00:00:00.000000000Z,35,23,687872927,0.600000000,0.600000000,0.600000000,0.600000000,2,MSOX  260717C00003000
2026-06-18T00:00:00.000000000Z,35,20,687865931,0.560000000,0.560000000,0.550000000,0.550000000,8,MSOX  270115C00010000
2026-06-18T00:00:00.000000000Z,35,24,687866426,0.500000000,0.800000000,0.500000000,0.800000000,20,MSOX  260821C00004000
2026-06-18T00:00:00.000000000Z,35,27,687872559,1.150000000,1.150000000,1.150000000,1.150000000,4,MSOX  260821C00002000
2026-06-18T00:00:00.000000000Z,35,37,687866426,0.550000000,0.550000000,0.500000000,0.500000000,15,MSOX  260821C00004000
2026-06-18T00:00:00.000000000Z,35,28,704649432,0.100000000,0.100000000,0.100000000,0.100000000,1,MSOX  260618P00003000
2026-06-18T00:00:00.000000000Z,35,27,704643790,0.100000000,0.100000000,0.050000000,0.050000000,51,MSOX  260618C00003000
2026-06-18T00:00:00.000000000Z,35,27,704645670,0.960000000,0.960000000,0.960000000,0.960000000,3,MSOX  260618P00004000
2026-06-18T00:00:00.000000000Z,35,61,704647569,0.950000000,0.950000000,0.950000000,0.950000000,8,MSOX  260618C00002000
2026-06-18T00:00:00.000000000Z,35,31,704651300,0.900000000,0.900000000,0.900000000,0.900000000,2,MSOX  261120C00004000
2026-06-18T00:00:00.000000000Z,35,26,687865969,0.250000000,0.250000000,0.250000000,0.250000000,10,MSOX  270115C00023000
2026-06-18T00:00:00.000000000Z,35,26,687872927,0.520000000,0.600000000,0.470000000,0.600000000,13,MSOX  260717C00003000
2026-06-18T00:00:00.000000000Z,35,20,687872927,0.600000000,0.600000000,0.500000000,0.510000000,54,MSOX  260717C00003000
2026-06-18T00:00:00.000000000Z,35,36,687874123,1.350000000,1.350000000,1.350000000,1.350000000,2,MSOX  260821P00004000
2026-06-18T00:00:00.000000000Z,35,28,687872927,0.520000000,0.520000000,0.520000000,0.520000000,10,MSOX  260717C00003000
2026-06-18T00:00:00.000000000Z,35,26,687871376,1.150000000,1.150000000,1.150000000,1.150000000,4,MSOX  260717P00004000
2026-06-18T00:00:00.000000000Z,35,22,687872939,0.120000000,0.120000000,0.120000000,0.120000000,1,MSOX  260717C00005000
2026-06-18T00:00:00.000000000Z,35,26,687872559,1.450000000,1.450000000,1.450000000,1.450000000,1,MSOX  260821C00002000
2026-06-18T00:00:00.000000000Z,35,22,687874529,0.480000000,0.480000000,0.480000000,0.480000000,10,MSOX  260717P00003000
2026-06-18T00:00:00.000000000Z,35,22,687872927,0.450000000,0.490000000,0.400000000,0.490000000,171,MSOX  260717C00003000
2026-06-18T00:00:00.000000000Z,35,31,687869844,0.350000000,0.350000000,0.350000000,0.350000000,1,MSOX  260717C00004000
2026-06-18T00:00:00.000000000Z,35,61,687866426,0.550000000,0.650000000,0.550000000,0.650000000,35,MSOX  260821C00004000
2026-06-18T00:00:00.000000000Z,35,20,687871376,1.150000000,1.150000000,1.150000000,1.150000000,5,MSOX  260717P00004000
2026-06-18T00:00:00.000000000Z,35,35,687869862,0.080000000,0.080000000,0.080000000,0.080000000,20,MSOX  260717P00002000
2026-06-18T00:00:00.000000000Z,35,36,687866426,0.580000000,0.580000000,0.580000000,0.580000000,2,MSOX  260821C00004000
2026-06-18T00:00:00.000000000Z,35,20,687872118,0.680000000,0.680000000,0.660000000,0.660000000,8,MSOX  270115C00009000
2026-06-18T00:00:00.000000000Z,35,35,687871388,1.000000000,1.000000000,1.000000000,1.000000000,1,MSOX  260717C00002000
2026-06-18T00:00:00.000000000Z,35,36,687874111,0.680000000,0.680000000,0.680000000,0.680000000,65,MSOX  260821P00003000
2026-06-18T00:00:00.000000000Z,35,22,687872118,0.680000000,0.680000000,0.660000000,0.660000000,27,MSOX  270115C00009000
2026-06-18T00:00:00.000000000Z,35,26,687874123,1.410000000,1.410000000,1.410000000,1.410000000,4,MSOX  260821P00004000
2026-06-18T00:00:00.000000000Z,35,35,704643790,0.080000000,0.080000000,0.050000000,0.050000000,4,MSOX  260618C00003000
2026-06-18T00:00:00.000000000Z,35,20,704649432,0.030000000,0.030000000,0.030000000,0.030000000,50,MSOX  260618P00003000
2026-06-18T00:00:00.000000000Z,35,28,704643790,0.130000000,0.130000000,0.050000000,0.110000000,82,MSOX  260618C00003000
2026-06-18T00:00:00.000000000Z,35,24,704643790,0.050000000,0.050000000,0.050000000,0.050000000,5,MSOX  260618C00003000
2026-06-18T00:00:00.000000000Z,35,37,704649432,0.050000000,0.050000000,0.050000000,0.050000000,27,MSOX  260618P00003000
2026-06-18T00:00:00.000000000Z,35,22,704647551,0.030000000,0.030000000,0.030000000,0.030000000,2,MSOX  260618C00004000
2026-06-22T00:00:00.000000000Z,35,27,687875431,0.240000000,0.240000000,0.160000000,0.160000000,9,MSOX  260717C00004000
2026-06-22T00:00:00.000000000Z,35,29,687875431,0.200000000,0.200000000,0.200000000,0.200000000,112,MSOX  260717C00004000
2026-06-22T00:00:00.000000000Z,35,37,687871577,1.300000000,1.300000000,1.150000000,1.150000000,2,MSOX  260821C00002000
2026-06-22T00:00:00.000000000Z,35,26,687874592,0.550000000,0.550000000,0.550000000,0.550000000,85,MSOX  270115C00010000
2026-06-22T00:00:00.000000000Z,35,36,687874592,0.600000000,0.600000000,0.600000000,0.600000000,1,MSOX  270115C00010000
2026-06-22T00:00:00.000000000Z,35,22,687869235,1.970000000,1.970000000,1.970000000,1.970000000,1,MSOX  270219C00002000
2026-06-22T00:00:00.000000000Z,35,27,687869843,0.880000000,0.880000000,0.880000000,0.880000000,8,MSOX  260821C00003000
2026-06-22T00:00:00.000000000Z,35,24,687868500,0.410000000,0.410000000,0.410000000,0.410000000,20,MSOX  260717P00003000
2026-06-22T00:00:00.000000000Z,35,21,687873711,0.100000000,0.100000000,0.100000000,0.100000000,1,MSOX  260717C00005000
2026-06-22T00:00:00.000000000Z,35,22,687872728,1.400000000,1.400000000,1.400000000,1.400000000,2,MSOX  270219C00004000
2026-06-22T00:00:00.000000000Z,35,37,687865932,3.900000000,3.900000000,3.900000000,3.900000000,1,MSOX  270115P00006000
2026-06-22T00:00:00.000000000Z,35,21,687875431,0.260000000,0.260000000,0.260000000,0.260000000,5,MSOX  260717C00004000
2026-06-22T00:00:00.000000000Z,35,25,687875431,0.200000000,0.200000000,0.200000000,0.200000000,9,MSOX  260717C00004000
2026-06-22T00:00:00.000000000Z,35,21,687868500,0.440000000,0.440000000,0.440000000,0.440000000,7,MSOX  260717P00003000
2026-06-22T00:00:00.000000000Z,35,61,687868500,0.400000000,0.400000000,0.400000000,0.400000000,4,MSOX  260717P00003000
2026-06-22T00:00:00.000000000Z,35,26,687875431,0.230000000,0.230000000,0.220000000,0.220000000,12,MSOX  260717C00004000
2026-06-22T00:00:00.000000000Z,35,61,687873668,0.450000000,0.450000000,0.450000000,0.450000000,7,MSOX  260717C00003000
2026-06-22T00:00:00.000000000Z,35,22,687874592,0.720000000,0.720000000,0.720000000,0.720000000,8,MSOX  270115C00010000
2026-06-22T00:00:00.000000000Z,35,35,687868122,0.350000000,0.350000000,0.340000000,0.340000000,81,MSOX  260821C00005000
2026-06-22T00:00:00.000000000Z,35,37,687868500,0.400000000,0.450000000,0.400000000,0.450000000,23,MSOX  260717P00003000
2026-06-22T00:00:00.000000000Z,35,35,687873668,0.480000000,0.480000000,0.400000000,0.410000000,16,MSOX  260717C00003000
2026-06-22T00:00:00.000000000Z,35,20,687865968,0.740000000,0.740000000,0.740000000,0.740000000,3,MSOX  270115C00009000
2026-06-22T00:00:00.000000000Z,35,22,687865968,0.730000000,0.730000000,0.730000000,0.730000000,8,MSOX  270115C00009000
2026-06-22T00:00:00.000000000Z,35,36,687875431,0.210000000,0.210000000,0.200000000,0.200000000,95,MSOX  260717C00004000
2026-06-22T00:00:00.000000000Z,35,23,687875431,0.200000000,0.200000000,0.200000000,0.200000000,13,MSOX  260717C00004000
2026-06-22T00:00:00.000000000Z,35,22,687868500,0.380000000,0.380000000,0.380000000,0.380000000,50,MSOX  260717P00003000
2026-06-22T00:00:00.000000000Z,35,22,687869378,1.300000000,1.300000000,1.300000000,1.300000000,2,MSOX  270115C00004000
2026-06-22T00:00:00.000000000Z,35,28,687875431,0.240000000,0.240000000,0.200000000,0.200000000,511,MSOX  260717C00004000
2026-06-22T00:00:00.000000000Z,35,36,687868122,0.320000000,0.320000000,0.320000000,0.320000000,270,MSOX  260821C00005000
2026-06-22T00:00:00.000000000Z,35,35,687871577,1.230000000,1.230000000,1.100000000,1.100000000,6,MSOX  260821C00002000
2026-06-22T00:00:00.000000000Z,35,28,704649593,0.670000000,0.670000000,0.670000000,0.670000000,10,MSOX  260918C00004000
2026-06-22T00:00:00.000000000Z,35,25,704647754,1.000000000,1.000000000,1.000000000,1.000000000,5,MSOX  261120C00004000
2026-06-22T00:00:00.000000000Z,35,37,704649593,0.750000000,0.750000000,0.750000000,0.750000000,10,MSOX  260918C00004000
2026-06-22T00:00:00.000000000Z,35,37,704647754,0.950000000,0.950000000,0.950000000,0.950000000,20,MSOX  261120C00004000
2026-06-22T00:00:00.000000000Z,35,26,687871577,1.230000000,1.230000000,1.100000000,1.100000000,4,MSOX  260821C00002000
2026-06-22T00:00:00.000000000Z,35,37,687873711,0.100000000,0.100000000,0.100000000,0.100000000,2,MSOX  260717C00005000
2026-06-22T00:00:00.000000000Z,35,32,687875431,0.200000000,0.200000000,0.200000000,0.200000000,129,MSOX  260717C00004000
2026-06-22T00:00:00.000000000Z,35,26,687866393,0.700000000,0.700000000,0.700000000,0.700000000,10,MSOX  260821P00003000
2026-06-22T00:00:00.000000000Z,35,37,687867696,1.450000000,1.450000000,1.450000000,1.450000000,20,MSOX  270115P00003000
2026-06-22T00:00:00.000000000Z,35,27,687873711,0.100000000,0.100000000,0.100000000,0.100000000,5,MSOX  260717C00005000
2026-06-22T00:00:00.000000000Z,35,20,687874592,0.730000000,0.730000000,0.730000000,0.730000000,3,MSOX  270115C00010000
2026-06-22T00:00:00.000000000Z,35,36,687871577,1.320000000,1.320000000,1.320000000,1.320000000,20,MSOX  260821C00002000
2026-06-22T00:00:00.000000000Z,35,24,687875431,0.250000000,0.250000000,0.190000000,0.190000000,17,MSOX  260717C00004000
2026-06-22T00:00:00.000000000Z,35,37,687875431,0.300000000,0.300000000,0.200000000,0.200000000,146,MSOX  260717C00004000
2026-06-22T00:00:00.000000000Z,35,36,687868500,0.370000000,0.370000000,0.360000000,0.360000000,80,MSOX  260717P00003000
2026-06-22T00:00:00.000000000Z,35,36,687875393,0.080000000,0.080000000,0.080000000,0.080000000,10,MSOX  260717P00002000
2026-06-22T00:00:00.000000000Z,35,37,687874558,2.100000000,2.100000000,2.100000000,2.100000000,1,MSOX  270115C00001000
2026-06-22T00:00:00.000000000Z,35,35,687875431,0.280000000,0.280000000,0.200000000,0.200000000,111,MSOX  260717C00004000
2026-06-22T00:00:00.000000000Z,35,20,687868500,0.450000000,0.450000000,0.450000000,0.450000000,2,MSOX  260717P00003000
2026-06-22T00:00:00.000000000Z,35,27,687873668,0.480000000,0.480000000,0.480000000,0.480000000,12,MSOX  260717C00003000
2026-06-22T00:00:00.000000000Z,35,37,687865975,1.700000000,1.700000000,1.700000000,1.700000000,1,MSOX  270115C00002000
2026-06-22T00:00:00.000000000Z,35,33,687875431,0.350000000,0.350000000,0.200000000,0.200000000,93,MSOX  260717C00004000
2026-06-22T00:00:00.000000000Z,35,27,687868122,0.320000000,0.320000000,0.320000000,0.320000000,130,MSOX  260821C00005000
2026-06-22T00:00:00.000000000Z,35,28,687873668,0.540000000,0.540000000,0.420000000,0.420000000,81,MSOX  260717C00003000
2026-06-22T00:00:00.000000000Z,35,25,687865937,0.250000000,0.250000000,0.250000000,0.250000000,100,MSOX  270115C00023000
2026-06-22T00:00:00.000000000Z,35,37,687873668,0.500000000,0.500000000,0.500000000,0.500000000,10,MSOX  260717C00003000
2026-06-22T00:00:00.000000000Z,35,31,687875431,0.200000000,0.200000000,0.200000000,0.200000000,19,MSOX  260717C00004000
2026-06-22T00:00:00.000000000Z,35,26,687873668,0.600000000,0.600000000,0.480000000,0.500000000,62,MSOX  260717C00003000
2026-06-22T00:00:00.000000000Z,35,20,687875393,0.080000000,0.080000000,0.080000000,0.080000000,10,MSOX  260717P00002000
2026-06-22T00:00:00.000000000Z,35,20,687871577,1.100000000,1.100000000,1.100000000,1.100000000,1,MSOX  260821C00002000
2026-06-22T00:00:00.000000000Z,35,35,687868500,0.420000000,0.420000000,0.420000000,0.420000000,5,MSOX  260717P00003000
2026-06-22T00:00:00.000000000Z,35,22,687865975,1.870000000,1.870000000,1.870000000,1.870000000,1,MSOX  270115C00002000
2026-06-23T00:00:00.000000000Z,35,28,687873925,0.540000000,0.540000000,0.540000000,0.540000000,1,MSOX  260717P00003000
2026-06-23T00:00:00.000000000Z,35,61,687873925,0.600000000,0.600000000,0.600000000,0.600000000,7,MSOX  260717P00003000
2026-06-23T00:00:00.000000000Z,35,24,687866802,0.150000000,0.150000000,0.130000000,0.130000000,8,MSOX  260717C00004000
2026-06-23T00:00:00.000000000Z,35,24,687866416,1.000000000,1.000000000,1.000000000,1.000000000,5,MSOX  260821C00002000
2026-06-23T00:00:00.000000000Z,35,21,687866802,0.110000000,0.110000000,0.110000000,0.110000000,20,MSOX  260717C00004000
2026-06-23T00:00:00.000000000Z,35,28,687867762,0.900000000,0.900000000,0.900000000,0.900000000,7,MSOX  270115C00004000
2026-06-23T00:00:00.000000000Z,35,61,687869974,0.020000000,0.020000000,0.020000000,0.020000000,5,MSOX  260821P00001000
2026-06-23T00:00:00.000000000Z,35,29,687869974,0.080000000,0.080000000,0.080000000,0.080000000,2,MSOX  260821P00001000
2026-06-23T00:00:00.000000000Z,35,29,687873600,0.290000000,0.290000000,0.290000000,0.290000000,2,MSOX  260821P00002000
2026-06-23T00:00:00.000000000Z,35,35,687871763,0.550000000,0.650000000,0.520000000,0.580000000,34,MSOX  260821C00003000
2026-06-23T00:00:00.000000000Z,35,22,687868204,0.450000000,0.450000000,0.450000000,0.450000000,1,MSOX  260821C00004000
2026-06-23T00:00:00.000000000Z,35,35,687866802,0.150000000,0.150000000,0.110000000,0.110000000,157,MSOX  260717C00004000
2026-06-23T00:00:00.000000000Z,35,22,687874929,0.540000000,0.540000000,0.500000000,0.500000000,41,MSOX  270115C00010000
2026-06-23T00:00:00.000000000Z,35,21,687868600,0.350000000,0.350000000,0.290000000,0.300000000,16,MSOX  260717C00003000
2026-06-23T00:00:00.000000000Z,35,26,687875769,0.750000000,0.750000000,0.750000000,0.750000000,5,MSOX  260717C00002000
2026-06-23T00:00:00.000000000Z,35,35,687868600,0.270000000,0.300000000,0.270000000,0.300000000,9,MSOX  260717C00003000
2026-06-23T00:00:00.000000000Z,35,37,687867762,0.900000000,0.900000000,0.850000000,0.850000000,36,MSOX  270115C00004000
2026-06-23T00:00:00.000000000Z,35,23,687869974,0.020000000,0.020000000,0.020000000,0.020000000,5,MSOX  260821P00001000
2026-06-23T00:00:00.000000000Z,35,34,687866416,0.900000000,0.900000000,0.900000000,0.900000000,1,MSOX  260821C00002000
2026-06-23T00:00:00.000000000Z,35,37,687869523,0.250000000,0.250000000,0.250000000,0.250000000,8,MSOX  270115C00023000
2026-06-23T00:00:00.000000000Z,35,26,687866416,0.950000000,1.000000000,0.900000000,0.900000000,6,MSOX  260821C00002000
2026-06-23T00:00:00.000000000Z,35,21,687867762,0.900000000,0.920000000,0.900000000,0.920000000,92,MSOX  270115C00004000
2026-06-23T00:00:00.000000000Z,35,35,687873600,0.250000000,0.250000000,0.250000000,0.250000000,5,MSOX  260821P00002000
2026-06-23T00:00:00.000000000Z,35,26,687868565,0.100000000,0.100000000,0.100000000,0.100000000,5,MSOX  260717C00005000
2026-06-23T00:00:00.000000000Z,35,36,687875392,0.800000000,0.800000000,0.800000000,0.800000000,10,MSOX  260821P00003000
2026-06-23T00:00:00.000000000Z,35,27,687868600,0.320000000,0.320000000,0.320000000,0.320000000,10,MSOX  260717C00003000
2026-06-23T00:00:00.000000000Z,35,23,687873925,0.450000000,0.450000000,0.450000000,0.450000000,10,MSOX  260717P00003000
2026-06-23T00:00:00.000000000Z,35,20,687868600,0.330000000,0.330000000,0.290000000,0.300000000,42,MSOX  260717C00003000
2026-06-23T00:00:00.000000000Z,35,61,687873600,0.230000000,0.230000000,0.230000000,0.230000000,5,MSOX  260821P00002000
2026-06-23T00:00:00.000000000Z,35,37,704648245,0.650000000,0.650000000,0.650000000,0.650000000,7,MSOX  261218C00006000
2026-06-23T00:00:00.000000000Z,35,24,704648245,0.640000000,0.640000000,0.640000000,0.640000000,1,MSOX  261218C00006000
2026-06-23T00:00:00.000000000Z,35,32,687866802,0.150000000,0.150000000,0.150000000,0.150000000,1,MSOX  260717C00004000
2026-06-23T00:00:00.000000000Z,35,20,687866802,0.150000000,0.150000000,0.130000000,0.130000000,70,MSOX  260717C00004000
2026-06-23T00:00:00.000000000Z,35,61,687867762,0.900000000,0.900000000,0.900000000,0.900000000,30,MSOX  270115C00004000
2026-06-23T00:00:00.000000000Z,35,35,687875769,0.770000000,0.810000000,0.770000000,0.810000000,45,MSOX  260717C00002000
2026-06-23T00:00:00.000000000Z,35,24,687868600,0.300000000,0.300000000,0.290000000,0.290000000,7,MSOX  260717C00003000
2026-06-23T00:00:00.000000000Z,35,31,687875769,0.800000000,0.850000000,0.800000000,0.850000000,25,MSOX  260717C00002000
2026-06-23T00:00:00.000000000Z,35,21,687866416,0.960000000,0.960000000,0.960000000,0.960000000,5,MSOX  260821C00002000
2026-06-23T00:00:00.000000000Z,35,26,687869509,1.450000000,1.450000000,1.450000000,1.450000000,1,MSOX  270115C00002000
2026-06-23T00:00:00.000000000Z,35,36,687875769,0.800000000,0.800000000,0.800000000,0.800000000,1,MSOX  260717C00002000
2026-06-23T00:00:00.000000000Z,35,36,687868600,0.270000000,0.270000000,0.270000000,0.270000000,2,MSOX  260717C00003000
2026-06-23T00:00:00.000000000Z,35,20,687873107,0.490000000,0.490000000,0.490000000,0.490000000,12,MSOX  270115C00011000
2026-06-23T00:00:00.000000000Z,35,28,687871763,0.520000000,0.570000000,0.520000000,0.570000000,4,MSOX  260821C00003000
2026-06-23T00:00:00.000000000Z,35,37,687873925,0.550000000,0.600000000,0.550000000,0.600000000,4,MSOX  260717P00003000
2026-06-23T00:00:00.000000000Z,35,37,687871763,0.550000000,0.550000000,0.550000000,0.550000000,8,MSOX  260821C00003000
2026-06-23T00:00:00.000000000Z,35,26,687866802,0.120000000,0.120000000,0.120000000,0.120000000,1,MSOX  260717C00004000
2026-06-23T00:00:00.000000000Z,35,29,687873925,0.600000000,0.600000000,0.600000000,0.600000000,3,MSOX  260717P00003000
2026-06-23T00:00:00.000000000Z,35,36,687866802,0.130000000,0.130000000,0.130000000,0.130000000,1,MSOX  260717C00004000
2026-06-23T00:00:00.000000000Z,35,23,687867762,0.900000000,0.900000000,0.900000000,0.900000000,3,MSOX  270115C00004000
2026-06-23T00:00:00.000000000Z,35,28,687868600,0.330000000,0.330000000,0.330000000,0.330000000,1,MSOX  260717C00003000
2026-06-23T00:00:00.000000000Z,35,37,687868600,0.300000000,0.300000000,0.300000000,0.300000000,162,MSOX  260717C00003000
2026-06-23T00:00:00.000000000Z,35,37,687875769,0.800000000,0.800000000,0.750000000,0.800000000,17,MSOX  260717C00002000
2026-06-23T00:00:00.000000000Z,35,35,687867762,0.900000000,0.900000000,0.900000000,0.900000000,2,MSOX  270115C00004000
2026-06-23T00:00:00.000000000Z,35,22,687866802,0.150000000,0.150000000,0.150000000,0.150000000,5,MSOX  260717C00004000
2026-06-23T00:00:00.000000000Z,35,27,687866802,0.150000000,0.150000000,0.130000000,0.130000000,9,MSOX  260717C00004000
2026-06-23T00:00:00.000000000Z,35,20,687867762,0.900000000,0.900000000,0.850000000,0.850000000,9,MSOX  270115C00004000
2026-06-23T00:00:00.000000000Z,35,35,704645882,0.430000000,0.430000000,0.430000000,0.430000000,1,MSOX  261016C00006000
2026-06-23T00:00:00.000000000Z,35,24,704645379,0.750000000,0.750000000,0.750000000,0.750000000,10,MSOX  261218C00005000
2026-06-23T00:00:00.000000000Z,35,21,687875769,0.820000000,0.820000000,0.810000000,0.810000000,12,MSOX  260717C00002000
2026-06-23T00:00:00.000000000Z,35,23,687873600,0.230000000,0.230000000,0.230000000,0.230000000,5,MSOX  260821P00002000
2026-06-23T00:00:00.000000000Z,35,26,687871763,0.550000000,0.550000000,0.500000000,0.500000000,2,MSOX  260821C00003000
2026-06-23T00:00:00.000000000Z,35,35,687873925,0.570000000,0.570000000,0.550000000,0.550000000,2,MSOX  260717P00003000
2026-06-23T00:00:00.000000000Z,35,37,687865925,1.400000000,1.400000000,1.400000000,1.400000000,1,MSOX  270115P00003000
2026-06-23T00:00:00.000000000Z,35,22,687875747,1.350000000,1.350000000,1.350000000,1.350000000,1,MSOX  260717P00004000
2026-06-23T00:00:00.000000000Z,35,28,687874929,0.550000000,0.550000000,0.550000000,0.550000000,6,MSOX  270115C00010000
2026-06-23T00:00:00.000000000Z,35,27,687875769,0.920000000,0.920000000,0.870000000,0.870000000,5,MSOX  260717C00002000
2026-06-23T00:00:00.000000000Z,35,26,687875392,0.850000000,0.850000000,0.850000000,0.850000000,1,MSOX  260821P00003000
2026-06-23T00:00:00.000000000Z,35,27,687871763,0.580000000,0.580000000,0.580000000,0.580000000,3,MSOX  260821C00003000
2026-06-23T00:00:00.000000000Z,35,36,687868565,0.070000000,0.070000000,0.070000000,0.070000000,1,MSOX  260717C00005000
2026-06-23T00:00:00.000000000Z,35,61,687868600,0.300000000,0.300000000,0.300000000,0.300000000,2,MSOX  260717C00003000
2026-06-23T00:00:00.000000000Z,35,22,687875769,0.800000000,0.800000000,0.800000000,0.800000000,40,MSOX  260717C00002000
2026-06-23T00:00:00.000000000Z,35,21,687869523,0.250000000,0.250000000,0.250000000,0.250000000,19,MSOX  270115C00023000
2026-06-23T00:00:00.000000000Z,35,26,687871320,0.750000000,0.750000000,0.750000000,0.750000000,1,MSOX  270115P00002000
2026-06-23T00:00:00.000000000Z,35,61,687868204,0.400000000,0.400000000,0.400000000,0.400000000,10,MSOX  260821C00004000
2026-06-23T00:00:00.000000000Z,35,34,687869974,0.050000000,0.050000000,0.050000000,0.050000000,8,MSOX  260821P00001000
2026-06-23T00:00:00.000000000Z,35,20,687874929,0.500000000,0.500000000,0.500000000,0.500000000,12,MSOX  270115C00010000
2026-06-23T00:00:00.000000000Z,35,28,687868565,0.080000000,0.080000000,0.080000000,0.080000000,6,MSOX  260717C00005000
2026-06-23T00:00:00.000000000Z,35,37,687869509,1.450000000,1.450000000,1.400000000,1.400000000,2,MSOX  270115C00002000
2026-06-23T00:00:00.000000000Z,35,31,687869509,1.450000000,1.450000000,1.450000000,1.450000000,1,MSOX  270115C00002000
2026-06-23T00:00:00.000000000Z,35,31,687868600,0.300000000,0.300000000,0.300000000,0.300000000,2,MSOX  260717C00003000
2026-06-23T00:00:00.000000000Z,35,37,704645379,0.750000000,0.750000000,0.750000000,0.750000000,10,MSOX  261218C00005000
2026-06-23T00:00:00.000000000Z,35,36,704648245,0.580000000,0.580000000,0.580000000,0.580000000,3,MSOX  261218C00006000
2026-06-23T00:00:00.000000000Z,35,37,704651135,0.500000000,0.500000000,0.500000000,0.500000000,30,MSOX  260918C00004000
2026-06-23T00:00:00.000000000Z,35,35,687875392,0.820000000,0.820000000,0.820000000,0.820000000,5,MSOX  260821P00003000
2026-06-23T00:00:00.000000000Z,35,22,687873107,0.490000000,0.490000000,0.490000000,0.490000000,33,MSOX  270115C00011000
2026-06-23T00:00:00.000000000Z,35,21,687873925,0.500000000,0.500000000,0.500000000,0.500000000,20,MSOX  260717P00003000
2026-06-23T00:00:00.000000000Z,35,22,687876093,0.890000000,0.890000000,0.890000000,0.890000000,8,MSOX  270219C00006000
2026-06-23T00:00:00.000000000Z,35,37,687875747,1.350000000,1.450000000,1.350000000,1.450000000,3,MSOX  260717P00004000
2026-06-23T00:00:00.000000000Z,35,34,687869509,1.400000000,1.400000000,1.400000000,1.400000000,1,MSOX  270115C00002000
2026-06-23T00:00:00.000000000Z,35,28,687866802,0.120000000,0.150000000,0.120000000,0.150000000,66,MSOX  260717C00004000
2026-06-23T00:00:00.000000000Z,35,28,687876093,0.870000000,0.870000000,0.870000000,0.870000000,6,MSOX  270219C00006000
2026-06-23T00:00:00.000000000Z,35,20,687868565,0.100000000,0.100000000,0.100000000,0.100000000,5,MSOX  260717C00005000
2026-06-23T00:00:00.000000000Z,35,35,687869523,0.180000000,0.180000000,0.180000000,0.180000000,2,MSOX  270115C00023000
2026-06-23T00:00:00.000000000Z,35,35,687866416,1.000000000,1.000000000,1.000000000,1.000000000,1,MSOX  260821C00002000
2026-06-23T00:00:00.000000000Z,35,35,687866808,0.110000000,0.110000000,0.110000000,0.110000000,20,MSOX  260717P00002000
2026-06-23T00:00:00.000000000Z,35,34,687873600,0.270000000,0.270000000,0.270000000,0.270000000,8,MSOX  260821P00002000
2026-06-24T00:00:00.000000000Z,35,29,687871287,0.950000000,0.950000000,0.950000000,0.950000000,1,MSOX  270115C00003000
2026-06-24T00:00:00.000000000Z,35,20,687871287,1.070000000,1.070000000,1.070000000,1.070000000,1,MSOX  270115C00003000
2026-06-24T00:00:00.000000000Z,35,27,687869970,0.170000000,0.170000000,0.170000000,0.170000000,24,MSOX  260821C00006000
2026-06-24T00:00:00.000000000Z,35,28,687871744,0.270000000,0.270000000,0.270000000,0.270000000,10,MSOX  260821P00002000
2026-06-24T00:00:00.000000000Z,35,31,687871287,1.000000000,1.000000000,1.000000000,1.000000000,1,MSOX  270115C00003000
2026-06-24T00:00:00.000000000Z,35,25,687866803,0.250000000,0.250000000,0.250000000,0.250000000,5,MSOX  260717C00003000
2026-06-24T00:00:00.000000000Z,35,29,687871280,0.600000000,0.600000000,0.600000000,0.600000000,10,MSOX  270115C00008000
2026-06-24T00:00:00.000000000Z,35,24,687874924,1.850000000,1.850000000,1.850000000,1.850000000,2,MSOX  270115C00001000
2026-06-24T00:00:00.000000000Z,35,35,687873589,0.490000000,0.500000000,0.490000000,0.500000000,3,MSOX  260821C00003000
2026-06-24T00:00:00.000000000Z,35,37,687868551,0.100000000,0.100000000,0.100000000,0.100000000,1,MSOX  260717P00002000
2026-06-24T00:00:00.000000000Z,35,35,687871287,1.070000000,1.070000000,1.070000000,1.070000000,1,MSOX  270115C00003000
2026-06-24T00:00:00.000000000Z,35,36,687869970,0.170000000,0.170000000,0.170000000,0.170000000,24,MSOX  260821C00006000
2026-06-24T00:00:00.000000000Z,35,20,687875779,0.750000000,0.750000000,0.750000000,0.750000000,1,MSOX  260717C00002000
2026-06-24T00:00:00.000000000Z,35,61,687866803,0.250000000,0.250000000,0.250000000,0.250000000,1,MSOX  260717C00003000
2026-06-24T00:00:00.000000000Z,35,22,687871339,0.420000000,0.430000000,0.420000000,0.430000000,34,MSOX  270115C00011000
2026-06-24T00:00:00.000000000Z,35,22,687873589,0.470000000,0.510000000,0.470000000,0.510000000,3,MSOX  260821C00003000
2026-06-24T00:00:00.000000000Z,35,33,704651230,0.800000000,0.800000000,0.800000000,0.800000000,5,MSOX  261218C00004000
2026-06-24T00:00:00.000000000Z,35,37,704643439,1.000000000,1.000000000,1.000000000,1.000000000,5,MSOX  261120C00003000
2026-06-24T00:00:00.000000000Z,35,35,704651230,0.830000000,0.830000000,0.830000000,0.830000000,10,MSOX  261218C00004000
2026-06-24T00:00:00.000000000Z,35,37,704648824,0.350000000,0.350000000,0.350000000,0.350000000,1,MSOX  260918C00005000
2026-06-24T00:00:00.000000000Z,35,22,687875779,0.720000000,0.720000000,0.720000000,0.720000000,1,MSOX  260717C00002000
2026-06-24T00:00:00.000000000Z,35,21,687866803,0.240000000,0.240000000,0.240000000,0.240000000,10,MSOX  260717C00003000
2026-06-24T00:00:00.000000000Z,35,37,687866428,0.300000000,0.350000000,0.250000000,0.300000000,57,MSOX  260821C00004000
2026-06-24T00:00:00.000000000Z,35,22,687874923,0.520000000,0.520000000,0.520000000,0.520000000,34,MSOX  270115C00010000
2026-06-24T00:00:00.000000000Z,35,20,687874923,0.520000000,0.520000000,0.520000000,0.520000000,9,MSOX  270115C00010000
2026-06-24T00:00:00.000000000Z,35,27,687873589,0.530000000,0.530000000,0.530000000,0.530000000,10,MSOX  260821C00003000
2026-06-24T00:00:00.000000000Z,35,28,687868604,0.150000000,0.150000000,0.100000000,0.100000000,5,MSOX  260717C00004000
2026-06-24T00:00:00.000000000Z,35,22,687868206,0.970000000,0.970000000,0.920000000,0.920000000,2,MSOX  260821C00002000
2026-06-24T00:00:00.000000000Z,35,37,687875779,0.750000000,0.800000000,0.750000000,0.750000000,122,MSOX  260717C00002000
2026-06-24T00:00:00.000000000Z,35,24,687875779,0.770000000,0.770000000,0.770000000,0.770000000,8,MSOX  260717C00002000
2026-06-24T00:00:00.000000000Z,35,37,687871287,1.000000000,1.000000000,1.000000000,1.000000000,1,MSOX  270115C00003000
2026-06-24T00:00:00.000000000Z,35,34,687871287,1.000000000,1.000000000,1.000000000,1.000000000,1,MSOX  270115C00003000
2026-06-24T00:00:00.000000000Z,35,20,687868206,0.970000000,0.970000000,0.970000000,0.970000000,1,MSOX  260821C00002000
2026-06-24T00:00:00.000000000Z,35,20,687867713,0.830000000,0.830000000,0.830000000,0.830000000,1,MSOX  270115C00005000
2026-06-24T00:00:00.000000000Z,35,61,687870663,0.950000000,0.950000000,0.950000000,0.950000000,1,MSOX  270219C00006000
2026-06-24T00:00:00.000000000Z,35,22,704645890,0.660000000,0.660000000,0.660000000,0.660000000,1,MSOX  260918C00003000
2026-06-24T00:00:00.000000000Z,35,61,704651230,0.800000000,0.800000000,0.800000000,0.800000000,18,MSOX  261218C00004000
2026-06-24T00:00:00.000000000Z,35,37,704651230,0.800000000,0.850000000,0.800000000,0.850000000,12,MSOX  261218C00004000
2026-06-24T00:00:00.000000000Z,35,37,687874923,0.450000000,0.450000000,0.450000000,0.450000000,1,MSOX  270115C00010000
2026-06-24T00:00:00.000000000Z,35,20,687871339,0.430000000,0.430000000,0.430000000,0.430000000,9,MSOX  270115C00011000
2026-06-24T00:00:00.000000000Z,35,28,687866803,0.210000000,0.290000000,0.210000000,0.240000000,10,MSOX  260717C00003000
2026-06-24T00:00:00.000000000Z,35,34,687869514,1.400000000,1.400000000,1.400000000,1.400000000,1,MSOX  270115C00002000
2026-06-24T00:00:00.000000000Z,35,37,687869970,0.150000000,0.150000000,0.150000000,0.150000000,3,MSOX  260821C00006000
2026-06-24T00:00:00.000000000Z,35,24,687872138,0.450000000,0.450000000,0.450000000,0.450000000,1,MSOX  260717P00003000
2026-06-24T00:00:00.000000000Z,35,22,687871287,0.920000000,1.070000000,0.920000000,1.070000000,6,MSOX  270115C00003000
2026-06-24T00:00:00.000000000Z,35,20,687866803,0.250000000,0.280000000,0.250000000,0.280000000,3,MSOX  260717C00003000
2026-06-24T00:00:00.000000000Z,35,35,704651746,0.960000000,0.960000000,0.960000000,0.960000000,1,MSOX  261016C00003000
2026-06-24T00:00:00.000000000Z,35,22,704651230,0.800000000,0.800000000,0.800000000,0.800000000,2,MSOX  261218C00004000
2026-06-24T00:00:00.000000000Z,35,35,687866428,0.280000000,0.280000000,0.280000000,0.280000000,2,MSOX  260821C00004000
2026-06-24T00:00:00.000000000Z,35,24,687866803,0.300000000,0.300000000,0.250000000,0.250000000,46,MSOX  260717C00003000
2026-06-24T00:00:00.000000000Z,35,24,687867519,1.270000000,1.270000000,1.270000000,1.270000000,2,MSOX  270219C00003000
2026-06-24T00:00:00.000000000Z,35,37,687873589,0.450000000,0.450000000,0.450000000,0.450000000,1,MSOX  260821C00003000
2026-06-24T00:00:00.000000000Z,35,37,687866803,0.250000000,0.300000000,0.250000000,0.250000000,54,MSOX  260717C00003000
2026-06-24T00:00:00.000000000Z,35,35,687866803,0.300000000,0.300000000,0.220000000,0.220000000,2,MSOX  260717C00003000
2026-06-24T00:00:00.000000000Z,35,22,687865919,0.930000000,0.930000000,0.930000000,0.930000000,4,MSOX  270115C00004000
2026-06-24T00:00:00.000000000Z,35,35,687867703,0.250000000,0.250000000,0.250000000,0.250000000,1,MSOX  270115P00001000
2026-06-24T00:00:00.000000000Z,35,24,687871287,1.170000000,1.170000000,1.170000000,1.170000000,2,MSOX  270115C00003000
2026-06-24T00:00:00.000000000Z,35,35,687868206,0.850000000,0.900000000,0.850000000,0.900000000,2,MSOX  260821C00002000
2026-06-24T00:00:00.000000000Z,35,27,687866803,0.250000000,0.290000000,0.250000000,0.290000000,2,MSOX  260717C00003000
2026-06-24T00:00:00.000000000Z,35,37,687868604,0.100000000,0.100000000,0.100000000,0.100000000,120,MSOX  260717C00004000
2026-06-24T00:00:00.000000000Z,35,24,704651230,0.800000000,0.800000000,0.800000000,0.800000000,4,MSOX  261218C00004000
2026-06-24T00:00:00.000000000Z,35,22,704650300,0.150000000,0.150000000,0.150000000,0.150000000,2,MSOX  261218P00001000
2026-06-25T00:00:00.000000000Z,35,37,687870040,0.150000000,0.150000000,0.150000000,0.150000000,14,MSOX  260821C00006000
2026-06-25T00:00:00.000000000Z,35,36,687873655,0.330000000,0.330000000,0.330000000,0.330000000,223,MSOX  260821C00004000
2026-06-25T00:00:00.000000000Z,35,61,687874147,0.250000000,0.250000000,0.250000000,0.250000000,1,MSOX  260717C00003000
2026-06-25T00:00:00.000000000Z,35,20,687871384,0.520000000,0.520000000,0.480000000,0.490000000,17,MSOX  270115C00011000
2026-06-25T00:00:00.000000000Z,35,20,687868746,0.100000000,0.100000000,0.080000000,0.100000000,65,MSOX  260717C00004000
2026-06-25T00:00:00.000000000Z,35,37,687868746,0.100000000,0.150000000,0.100000000,0.150000000,11,MSOX  260717C00004000
2026-06-25T00:00:00.000000000Z,35,36,687870040,0.150000000,0.150000000,0.150000000,0.150000000,1,MSOX  260821C00006000
2026-06-25T00:00:00.000000000Z,35,35,687873655,0.350000000,0.350000000,0.350000000,0.350000000,11,MSOX  260821C00004000
2026-06-25T00:00:00.000000000Z,35,20,687865946,0.530000000,0.530000000,0.490000000,0.500000000,17,MSOX  270115C00010000
2026-06-25T00:00:00.000000000Z,35,61,687873655,0.400000000,0.400000000,0.400000000,0.400000000,1,MSOX  260821C00004000
2026-06-25T00:00:00.000000000Z,35,24,687868746,0.150000000,0.150000000,0.150000000,0.150000000,1,MSOX  260717C00004000
2026-06-25T00:00:00.000000000Z,35,37,687865953,1.800000000,1.800000000,1.800000000,1.800000000,1,MSOX  270115C00001000
2026-06-25T00:00:00.000000000Z,35,37,687866926,0.700000000,0.850000000,0.700000000,0.850000000,4,MSOX  260717C00002000
2026-06-25T00:00:00.000000000Z,35,37,687875011,0.750000000,0.750000000,0.750000000,0.750000000,3,MSOX  270115P00002000
2026-06-25T00:00:00.000000000Z,35,27,687868758,0.080000000,0.080000000,0.080000000,0.080000000,5,MSOX  260717P00002000
2026-06-25T00:00:00.000000000Z,35,26,704643437,0.950000000,0.950000000,0.950000000,0.950000000,5,MSOX  261120C00003000
2026-06-25T00:00:00.000000000Z,35,25,704643437,1.050000000,1.050000000,1.050000000,1.050000000,1,MSOX  261120C00003000
2026-06-25T00:00:00.000000000Z,35,22,704649898,0.900000000,0.900000000,0.900000000,0.900000000,10,MSOX  261016C00003000
2026-06-25T00:00:00.000000000Z,35,35,687871218,0.920000000,0.920000000,0.920000000,0.920000000,1,MSOX  270219C00005000
2026-06-25T00:00:00.000000000Z,35,32,687868746,0.100000000,0.100000000,0.100000000,0.100000000,47,MSOX  260717C00004000
2026-06-25T00:00:00.000000000Z,35,20,687872352,0.650000000,0.650000000,0.650000000,0.650000000,2,MSOX  260717P00003000
2026-06-25T00:00:00.000000000Z,35,34,687873655,0.400000000,0.400000000,0.400000000,0.400000000,1,MSOX  260821C00004000
2026-06-25T00:00:00.000000000Z,35,35,687874162,0.070000000,0.080000000,0.070000000,0.080000000,18,MSOX  260717C00005000
2026-06-25T00:00:00.000000000Z,35,35,687874147,0.270000000,0.350000000,0.270000000,0.350000000,60,MSOX  260717C00003000
2026-06-25T00:00:00.000000000Z,35,35,687866926,0.750000000,0.750000000,0.750000000,0.750000000,12,MSOX  260717C00002000
2026-06-25T00:00:00.000000000Z,35,29,687874147,0.300000000,0.300000000,0.300000000,0.300000000,1,MSOX  260717C00003000
2026-06-25T00:00:00.000000000Z,35,21,687868746,0.150000000,0.150000000,0.150000000,0.150000000,1,MSOX  260717C00004000
2026-06-25T00:00:00.000000000Z,35,33,687868746,0.100000000,0.140000000,0.100000000,0.140000000,8,MSOX  260717C00004000
2026-06-25T00:00:00.000000000Z,35,28,687866392,0.850000000,0.850000000,0.850000000,0.850000000,1,MSOX  260821P00003000
2026-06-25T00:00:00.000000000Z,35,61,687873659,0.250000000,0.250000000,0.250000000,0.250000000,1,MSOX  260821C00005000
2026-06-25T00:00:00.000000000Z,35,26,687866926,0.800000000,0.800000000,0.800000000,0.800000000,1,MSOX  260717C00002000
2026-06-25T00:00:00.000000000Z,35,37,687873655,0.300000000,0.350000000,0.300000000,0.350000000,103,MSOX  260821C00004000
2026-06-25T00:00:00.000000000Z,35,24,687875456,0.550000000,0.550000000,0.550000000,0.550000000,1,MSOX  260821C00003000
2026-06-25T00:00:00.000000000Z,35,24,687873655,0.310000000,0.350000000,0.310000000,0.350000000,39,MSOX  260821C00004000
2026-06-25T00:00:00.000000000Z,35,22,704643437,0.990000000,0.990000000,0.950000000,0.950000000,12,MSOX  261120C00003000
2026-06-25T00:00:00.000000000Z,35,22,704643473,0.810000000,0.810000000,0.810000000,0.810000000,2,MSOX  261120C00004000
2026-06-25T00:00:00.000000000Z,35,20,687874468,1.020000000,1.020000000,1.020000000,1.020000000,3,MSOX  270219C00004000
2026-06-25T00:00:00.000000000Z,35,26,687871218,0.800000000,0.800000000,0.800000000,0.800000000,1,MSOX  270219C00005000
2026-06-25T00:00:00.000000000Z,35,37,687874147,0.250000000,0.350000000,0.250000000,0.350000000,62,MSOX  260717C00003000
2026-06-25T00:00:00.000000000Z,35,35,687868746,0.090000000,0.090000000,0.080000000,0.080000000,31,MSOX  260717C00004000
2026-06-25T00:00:00.000000000Z,35,27,687867759,0.890000000,0.890000000,0.890000000,0.890000000,4,MSOX  270115C00005000
2026-06-25T00:00:00.000000000Z,35,37,687875962,0.050000000,0.050000000,0.050000000,0.050000000,5,MSOX  260717C00006000
2026-06-25T00:00:00.000000000Z,35,26,687874147,0.200000000,0.350000000,0.200000000,0.350000000,65,MSOX  260717C00003000
2026-06-25T00:00:00.000000000Z,35,28,687873659,0.200000000,0.200000000,0.200000000,0.200000000,2,MSOX  260821C00005000
2026-06-25T00:00:00.000000000Z,35,22,687868746,0.100000000,0.100000000,0.100000000,0.100000000,10,MSOX  260717C00004000
2026-06-25T00:00:00.000000000Z,35,36,687874147,0.330000000,0.330000000,0.330000000,0.330000000,10,MSOX  260717C00003000
2026-06-25T00:00:00.000000000Z,35,28,687873655,0.350000000,0.350000000,0.350000000,0.350000000,1,MSOX  260821C00004000
2026-06-25T00:00:00.000000000Z,35,24,687866926,0.750000000,0.800000000,0.750000000,0.800000000,29,MSOX  260717C00002000
2026-06-25T00:00:00.000000000Z,35,20,687873196,0.920000000,0.920000000,0.920000000,0.920000000,3,MSOX  270115C00004000
2026-06-25T00:00:00.000000000Z,35,33,687874147,0.350000000,0.350000000,0.350000000,0.350000000,1,MSOX  260717C00003000
2026-06-25T00:00:00.000000000Z,35,61,687867236,0.900000000,0.900000000,0.900000000,0.900000000,1,MSOX  270219C00006000
2026-06-25T00:00:00.000000000Z,35,28,687874147,0.270000000,0.350000000,0.270000000,0.350000000,33,MSOX  260717C00003000
2026-06-25T00:00:00.000000000Z,35,22,687865946,0.480000000,0.530000000,0.480000000,0.490000000,64,MSOX  270115C00010000
2026-06-25T00:00:00.000000000Z,35,26,687868746,0.090000000,0.090000000,0.080000000,0.080000000,10,MSOX  260717C00004000
2026-06-25T00:00:00.000000000Z,35,27,687868746,0.140000000,0.140000000,0.140000000,0.140000000,1,MSOX  260717C00004000
2026-06-25T00:00:00.000000000Z,35,32,687873655,0.300000000,0.400000000,0.300000000,0.400000000,35,MSOX  260821C00004000
2026-06-25T00:00:00.000000000Z,35,35,687873659,0.200000000,0.200000000,0.200000000,0.200000000,2,MSOX  260821C00005000
2026-06-25T00:00:00.000000000Z,35,24,687874147,0.150000000,0.150000000,0.150000000,0.150000000,4,MSOX  260717C00003000
2026-06-25T00:00:00.000000000Z,35,22,687871384,0.470000000,0.520000000,0.470000000,0.480000000,64,MSOX  270115C00011000
2026-06-25T00:00:00.000000000Z,35,36,687868746,0.120000000,0.140000000,0.110000000,0.120000000,18,MSOX  260717C00004000
2026-06-25T00:00:00.000000000Z,35,20,687874147,0.320000000,0.320000000,0.320000000,0.320000000,5,MSOX  260717C00003000
2026-06-25T00:00:00.000000000Z,35,28,687868746,0.100000000,0.150000000,0.080000000,0.150000000,68,MSOX  260717C00004000
2026-06-25T00:00:00.000000000Z,35,29,687868746,0.100000000,0.100000000,0.100000000,0.100000000,1,MSOX  260717C00004000
2026-06-25T00:00:00.000000000Z,35,24,687873659,0.170000000,0.170000000,0.170000000,0.170000000,3,MSOX  260821C00005000
2026-06-25T00:00:00.000000000Z,35,33,687873655,0.400000000,0.400000000,0.400000000,0.400000000,2,MSOX  260821C00004000
2026-06-25T00:00:00.000000000Z,35,61,687875456,0.600000000,0.600000000,0.600000000,0.600000000,1,MSOX  260821C00003000
2026-06-25T00:00:00.000000000Z,35,37,687872352,0.650000000,0.650000000,0.500000000,0.500000000,22,MSOX  260717P00003000
2026-06-25T00:00:00.000000000Z,35,29,687873655,0.400000000,0.400000000,0.400000000,0.400000000,2,MSOX  260821C00004000
2026-06-25T00:00:00.000000000Z,35,26,687873659,0.160000000,0.200000000,0.160000000,0.200000000,3,MSOX  260821C00005000
2026-06-25T00:00:00.000000000Z,35,61,704645497,0.800000000,0.800000000,0.800000000,0.800000000,5,MSOX  261218C00004000
2026-06-25T00:00:00.000000000Z,35,35,704650765,0.660000000,0.660000000,0.660000000,0.660000000,1,MSOX  261120C00005000
2026-06-26T00:00:00.000000000Z,35,27,687872171,0.660000000,0.660000000,0.660000000,0.660000000,1,MSOX  260821C00003000
2026-06-26T00:00:00.000000000Z,35,28,687870621,0.980000000,0.980000000,0.980000000,0.980000000,95,MSOX  260717C00002000
2026-06-26T00:00:00.000000000Z,35,27,687876357,0.150000000,0.150000000,0.150000000,0.150000000,5,MSOX  260717C00004000
2026-06-26T00:00:00.000000000Z,35,35,687870621,0.970000000,0.970000000,0.970000000,0.970000000,5,MSOX  260717C00002000
2026-06-26T00:00:00.000000000Z,35,28,687872171,0.640000000,0.690000000,0.640000000,0.690000000,5,MSOX  260821C00003000
2026-06-26T00:00:00.000000000Z,35,24,687866776,0.850000000,0.850000000,0.850000000,0.850000000,1,MSOX  260717P00003000
2026-06-26T00:00:00.000000000Z,35,26,687875553,2.130000000,2.130000000,2.130000000,2.130000000,75,MSOX  270115P00004000
2026-06-26T00:00:00.000000000Z,35,23,687875975,0.050000000,0.050000000,0.050000000,0.050000000,5,MSOX  260821C00007000
2026-06-26T00:00:00.000000000Z,35,35,687872171,0.650000000,0.700000000,0.650000000,0.700000000,8,MSOX  260821C00003000
2026-06-26T00:00:00.000000000Z,35,61,687873636,1.500000000,1.500000000,1.500000000,1.500000000,7,MSOX  270115C00002000
2026-06-26T00:00:00.000000000Z,35,28,687874462,0.380000000,0.400000000,0.370000000,0.370000000,14,MSOX  260717C00003000
2026-06-26T00:00:00.000000000Z,35,24,687872171,0.630000000,0.660000000,0.630000000,0.660000000,5,MSOX  260821C00003000
2026-06-26T00:00:00.000000000Z,35,26,687872171,0.700000000,0.700000000,0.700000000,0.700000000,1,MSOX  260821C00003000
2026-06-26T00:00:00.000000000Z,35,21,687870621,1.000000000,1.000000000,1.000000000,1.000000000,5,MSOX  260717C00002000
2026-06-26T00:00:00.000000000Z,35,20,687876357,0.110000000,0.110000000,0.110000000,0.110000000,1,MSOX  260717C00004000
2026-06-26T00:00:00.000000000Z,35,33,687876357,0.150000000,0.150000000,0.150000000,0.150000000,2,MSOX  260717C00004000
2026-06-26T00:00:00.000000000Z,35,37,687870621,0.950000000,1.050000000,0.950000000,1.000000000,11,MSOX  260717C00002000
2026-06-26T00:00:00.000000000Z,35,20,687869768,0.580000000,0.640000000,0.570000000,0.640000000,18,MSOX  270115C00010000
2026-06-26T00:00:00.000000000Z,35,34,687870621,1.000000000,1.000000000,1.000000000,1.000000000,1,MSOX  260717C00002000
2026-06-26T00:00:00.000000000Z,35,24,687874462,0.350000000,0.400000000,0.350000000,0.400000000,3,MSOX  260717C00003000
2026-06-26T00:00:00.000000000Z,35,28,687866392,0.250000000,0.250000000,0.240000000,0.240000000,3,MSOX  260821C00005000
2026-06-26T00:00:00.000000000Z,35,61,687872776,1.950000000,1.950000000,1.950000000,1.950000000,7,MSOX  270219C00002000
2026-06-26T00:00:00.000000000Z,35,22,687865955,0.470000000,0.540000000,0.460000000,0.540000000,42,MSOX  270115C00011000
2026-06-26T00:00:00.000000000Z,35,36,687870232,1.180000000,1.180000000,1.180000000,1.180000000,5,MSOX  260821C00002000
2026-06-26T00:00:00.000000000Z,35,36,687866397,0.420000000,0.420000000,0.420000000,0.420000000,6,MSOX  260821C00004000
2026-06-26T00:00:00.000000000Z,35,37,687874462,0.400000000,0.400000000,0.400000000,0.400000000,4,MSOX  260717C00003000
2026-06-26T00:00:00.000000000Z,35,61,687867847,2.250000000,2.250000000,2.250000000,2.250000000,48,MSOX  270115C00001000
2026-06-26T00:00:00.000000000Z,35,22,687869768,0.580000000,0.640000000,0.560000000,0.640000000,42,MSOX  270115C00010000
2026-06-26T00:00:00.000000000Z,35,24,704646484,0.550000000,0.550000000,0.550000000,0.550000000,2,MSOX  261120P00002000
2026-06-26T00:00:00.000000000Z,35,26,704643444,1.900000000,1.900000000,1.900000000,1.900000000,75,MSOX  261120P00004000
2026-06-26T00:00:00.000000000Z,35,22,704643446,0.900000000,0.900000000,0.900000000,0.900000000,12,MSOX  261120C00005000
2026-06-26T00:00:00.000000000Z,35,37,687873614,0.200000000,0.200000000,0.200000000,0.200000000,20,MSOX  270115C00023000
2026-06-26T00:00:00.000000000Z,35,35,687874463,0.050000000,0.050000000,0.050000000,0.050000000,18,MSOX  260717C00005000
2026-06-26T00:00:00.000000000Z,35,26,687870232,1.000000000,1.000000000,1.000000000,1.000000000,1,MSOX  260821C00002000
2026-06-26T00:00:00.000000000Z,35,20,687865955,0.470000000,0.540000000,0.460000000,0.540000000,18,MSOX  270115C00011000
2026-06-26T00:00:00.000000000Z,35,27,687874105,0.180000000,0.180000000,0.180000000,0.180000000,9,MSOX  260821C00006000
2026-06-26T00:00:00.000000000Z,35,31,687873614,0.200000000,0.200000000,0.200000000,0.200000000,10,MSOX  270115C00023000
2026-06-26T00:00:00.000000000Z,35,21,687872171,0.700000000,0.700000000,0.700000000,0.700000000,1,MSOX  260821C00003000
2026-06-26T00:00:00.000000000Z,35,35,687874105,0.170000000,0.240000000,0.170000000,0.240000000,21,MSOX  260821C00006000
2026-06-26T00:00:00.000000000Z,35,21,687874462,0.450000000,0.450000000,0.300000000,0.300000000,2,MSOX  260717C00003000
2026-06-26T00:00:00.000000000Z,35,61,687874462,0.350000000,0.350000000,0.350000000,0.350000000,2,MSOX  260717C00003000
2026-06-26T00:00:00.000000000Z,35,37,687866392,0.250000000,0.250000000,0.250000000,0.250000000,2,MSOX  260821C00005000
2026-06-26T00:00:00.000000000Z,35,26,687870621,1.000000000,1.000000000,1.000000000,1.000000000,100,MSOX  260717C00002000
2026-06-26T00:00:00.000000000Z,35,35,687876357,0.130000000,0.130000000,0.130000000,0.130000000,20,MSOX  260717C00004000
2026-06-26T00:00:00.000000000Z,35,35,687874462,0.300000000,0.420000000,0.300000000,0.400000000,128,MSOX  260717C00003000
2026-06-26T00:00:00.000000000Z,35,35,687866397,0.390000000,0.420000000,0.390000000,0.420000000,74,MSOX  260821C00004000
2026-06-26T00:00:00.000000000Z,35,37,687866397,0.400000000,0.400000000,0.400000000,0.400000000,1,MSOX  260821C00004000
2026-06-26T00:00:00.000000000Z,35,33,687874105,0.050000000,0.050000000,0.050000000,0.050000000,5,MSOX  260821C00006000
2026-06-26T00:00:00.000000000Z,35,26,687866397,0.400000000,0.400000000,0.400000000,0.400000000,40,MSOX  260821C00004000
2026-06-26T00:00:00.000000000Z,35,28,687876357,0.130000000,0.150000000,0.130000000,0.140000000,50,MSOX  260717C00004000
2026-06-26T00:00:00.000000000Z,35,21,687866776,0.350000000,0.350000000,0.350000000,0.350000000,1,MSOX  260717P00003000
2026-06-26T00:00:00.000000000Z,35,24,687867847,2.250000000,2.250000000,2.250000000,2.250000000,2,MSOX  270115C00001000
2026-06-26T00:00:00.000000000Z,35,20,687870846,1.180000000,1.180000000,1.180000000,1.180000000,1,MSOX  270219C00004000
2026-06-26T00:00:00.000000000Z,35,26,687874462,0.350000000,0.400000000,0.350000000,0.400000000,18,MSOX  260717C00003000
2026-06-26T00:00:00.000000000Z,35,20,687872171,0.690000000,0.690000000,0.690000000,0.690000000,3,MSOX  260821C00003000
2026-06-26T00:00:00.000000000Z,35,24,687875975,0.120000000,0.120000000,0.120000000,0.120000000,5,MSOX  260821C00007000
2026-06-29T00:00:00.000000000Z,35,28,687868388,0.740000000,0.740000000,0.740000000,0.740000000,1,MSOX  260821C00003000
2026-06-29T00:00:00.000000000Z,35,20,687867927,1.570000000,1.570000000,1.570000000,1.570000000,1,MSOX  270115C00002000
2026-06-29T00:00:00.000000000Z,35,22,687872690,0.140000000,0.140000000,0.140000000,0.140000000,21,MSOX  260717C00004000
2026-06-29T00:00:00.000000000Z,35,36,687874639,0.070000000,0.070000000,0.070000000,0.070000000,1,MSOX  260717C00005000
2026-06-29T00:00:00.000000000Z,35,35,687870369,0.150000000,0.180000000,0.150000000,0.180000000,10,MSOX  260821C00006000
2026-06-29T00:00:00.000000000Z,35,28,687866409,0.440000000,0.440000000,0.440000000,0.440000000,1,MSOX  260821C00004000
2026-06-29T00:00:00.000000000Z,35,22,687875752,1.990000000,1.990000000,1.990000000,1.990000000,1,MSOX  270115C00001000
2026-06-29T00:00:00.000000000Z,35,31,687876584,0.400000000,0.400000000,0.400000000,0.400000000,2,MSOX  260717P00003000
2026-06-29T00:00:00.000000000Z,35,28,687874662,0.350000000,0.400000000,0.350000000,0.400000000,29,MSOX  260717C00003000
2026-06-29T00:00:00.000000000Z,35,21,687876584,0.300000000,0.300000000,0.300000000,0.300000000,3,MSOX  260717P00003000
2026-06-29T00:00:00.000000000Z,35,22,687868388,0.670000000,0.670000000,0.670000000,0.670000000,4,MSOX  260821C00003000
2026-06-29T00:00:00.000000000Z,35,36,687874662,0.350000000,0.350000000,0.350000000,0.350000000,15,MSOX  260717C00003000
2026-06-29T00:00:00.000000000Z,35,22,687870369,0.180000000,0.180000000,0.170000000,0.170000000,24,MSOX  260821C00006000
2026-06-29T00:00:00.000000000Z,35,21,687870369,0.150000000,0.150000000,0.150000000,0.150000000,4,MSOX  260821C00006000
2026-06-29T00:00:00.000000000Z,35,61,687868789,1.000000000,1.000000000,1.000000000,1.000000000,3,MSOX  260717C00002000
2026-06-29T00:00:00.000000000Z,35,26,687876584,0.420000000,0.420000000,0.410000000,0.410000000,2,MSOX  260717P00003000
2026-06-29T00:00:00.000000000Z,35,28,687874268,0.120000000,0.120000000,0.120000000,0.120000000,15,MSOX  260821C00007000
2026-06-29T00:00:00.000000000Z,35,22,704650197,1.440000000,1.460000000,1.440000000,1.460000000,5,MSOX  261120C00002000
2026-06-29T00:00:00.000000000Z,35,27,687868789,1.000000000,1.000000000,0.950000000,0.950000000,7,MSOX  260717C00002000
2026-06-29T00:00:00.000000000Z,35,35,687874268,0.160000000,0.160000000,0.160000000,0.160000000,5,MSOX  260821C00007000
2026-06-29T00:00:00.000000000Z,35,35,687874662,0.300000000,0.370000000,0.280000000,0.370000000,156,MSOX  260717C00003000
2026-06-29T00:00:00.000000000Z,35,37,687874662,0.350000000,0.400000000,0.350000000,0.400000000,79,MSOX  260717C00003000
2026-06-29T00:00:00.000000000Z,35,20,687871855,0.620000000,0.620000000,0.620000000,0.620000000,7,MSOX  270115C00010000
2026-06-29T00:00:00.000000000Z,35,24,687876219,1.050000000,1.050000000,1.050000000,1.050000000,4,MSOX  260821C00002000
2026-06-29T00:00:00.000000000Z,35,35,687872314,0.740000000,0.740000000,0.740000000,0.740000000,20,MSOX  260821P00003000
2026-06-29T00:00:00.000000000Z,35,22,687868789,1.000000000,1.030000000,1.000000000,1.030000000,4,MSOX  260717C00002000
2026-06-29T00:00:00.000000000Z,35,24,687874662,0.450000000,0.450000000,0.300000000,0.300000000,28,MSOX  260717C00003000
2026-06-29T00:00:00.000000000Z,35,25,687866409,0.500000000,0.500000000,0.500000000,0.500000000,2,MSOX  260821C00004000
2026-06-29T00:00:00.000000000Z,35,37,687869925,1.000000000,1.000000000,1.000000000,1.000000000,1,MSOX  270115C00004000
2026-06-29T00:00:00.000000000Z,35,35,687868789,0.950000000,1.000000000,0.950000000,1.000000000,11,MSOX  260717C00002000
2026-06-29T00:00:00.000000000Z,35,20,687874662,0.320000000,0.380000000,0.320000000,0.380000000,5,MSOX  260717C00003000
2026-06-29T00:00:00.000000000Z,35,25,687870369,0.150000000,0.150000000,0.150000000,0.150000000,5,MSOX  260821C00006000
2026-06-29T00:00:00.000000000Z,35,61,687872334,1.450000000,1.450000000,1.450000000,1.450000000,3,MSOX  260821P00004000
2026-06-29T00:00:00.000000000Z,35,28,687868789,0.950000000,0.950000000,0.950000000,0.950000000,10,MSOX  260717C00002000
2026-06-29T00:00:00.000000000Z,35,22,687871855,0.620000000,0.620000000,0.620000000,0.620000000,16,MSOX  270115C00010000
2026-06-29T00:00:00.000000000Z,35,26,687872314,0.650000000,0.650000000,0.650000000,0.650000000,20,MSOX  260821P00003000
2026-06-29T00:00:00.000000000Z,35,61,687871855,0.550000000,0.550000000,0.550000000,0.550000000,3,MSOX  270115C00010000
2026-06-29T00:00:00.000000000Z,35,27,687872690,0.120000000,0.150000000,0.120000000,0.150000000,205,MSOX  260717C00004000
2026-06-29T00:00:00.000000000Z,35,24,687876584,0.700000000,0.700000000,0.300000000,0.300000000,10,MSOX  260717P00003000
2026-06-29T00:00:00.000000000Z,35,37,687873829,0.950000000,0.950000000,0.950000000,0.950000000,5,MSOX  270115C00005000
2026-06-29T00:00:00.000000000Z,35,35,687876219,1.140000000,1.140000000,1.050000000,1.050000000,4,MSOX  260821C00002000
2026-06-29T00:00:00.000000000Z,35,26,687867927,1.600000000,1.600000000,1.600000000,1.600000000,100,MSOX  270115C00002000
2026-06-29T00:00:00.000000000Z,35,37,687871855,0.550000000,0.550000000,0.500000000,0.500000000,100,MSOX  270115C00010000
2026-06-29T00:00:00.000000000Z,35,25,687874268,0.100000000,0.100000000,0.100000000,0.100000000,5,MSOX  260821C00007000
2026-06-29T00:00:00.000000000Z,35,22,687876219,1.050000000,1.160000000,1.050000000,1.160000000,2,MSOX  260821C00002000
2026-06-29T00:00:00.000000000Z,35,22,687873822,0.510000000,0.510000000,0.510000000,0.510000000,16,MSOX  270115C00011000
2026-06-29T00:00:00.000000000Z,35,37,687876584,0.400000000,0.400000000,0.400000000,0.400000000,3,MSOX  260717P00003000
2026-06-29T00:00:00.000000000Z,35,37,687873800,1.400000000,1.400000000,1.400000000,1.400000000,1,MSOX  270115P00003000
2026-06-29T00:00:00.000000000Z,35,26,687868388,0.700000000,0.700000000,0.600000000,0.680000000,31,MSOX  260821C00003000
2026-06-29T00:00:00.000000000Z,35,22,687867927,1.590000000,1.590000000,1.590000000,1.590000000,1,MSOX  270115C00002000
2026-06-29T00:00:00.000000000Z,35,21,687872690,0.120000000,0.120000000,0.100000000,0.100000000,5,MSOX  260717C00004000
2026-06-29T00:00:00.000000000Z,35,61,687874662,0.300000000,0.300000000,0.300000000,0.300000000,78,MSOX  260717C00003000
2026-06-29T00:00:00.000000000Z,35,21,687874662,0.450000000,0.450000000,0.250000000,0.250000000,20,MSOX  260717C00003000
2026-06-29T00:00:00.000000000Z,35,35,687874639,0.070000000,0.070000000,0.070000000,0.070000000,2,MSOX  260717C00005000
2026-06-29T00:00:00.000000000Z,35,28,687876219,1.140000000,1.140000000,1.140000000,1.140000000,1,MSOX  260821C00002000
2026-06-29T00:00:00.000000000Z,35,26,687870369,0.170000000,0.170000000,0.170000000,0.170000000,1,MSOX  260821C00006000
2026-06-29T00:00:00.000000000Z,35,28,687874639,0.050000000,0.070000000,0.050000000,0.070000000,4,MSOX  260717C00005000
2026-06-29T00:00:00.000000000Z,35,20,687873822,0.510000000,0.510000000,0.510000000,0.510000000,7,MSOX  270115C00011000
2026-06-29T00:00:00.000000000Z,35,21,687872334,1.450000000,1.450000000,1.450000000,1.450000000,10,MSOX  260821P00004000
2026-06-29T00:00:00.000000000Z,35,22,704644790,1.080000000,1.080000000,1.070000000,1.080000000,5,MSOX  261120C00003000
2026-06-29T00:00:00.000000000Z,35,37,687872690,0.150000000,0.150000000,0.150000000,0.150000000,20,MSOX  260717C00004000
2026-06-29T00:00:00.000000000Z,35,24,687868789,1.000000000,1.000000000,1.000000000,1.000000000,7,MSOX  260717C00002000
2026-06-29T00:00:00.000000000Z,35,20,687872690,0.120000000,0.130000000,0.120000000,0.130000000,6,MSOX  260717C00004000
2026-06-29T00:00:00.000000000Z,35,37,687868789,0.950000000,0.950000000,0.950000000,0.950000000,19,MSOX  260717C00002000
2026-06-29T00:00:00.000000000Z,35,22,687874662,0.360000000,0.360000000,0.360000000,0.360000000,1,MSOX  260717C00003000
2026-06-29T00:00:00.000000000Z,35,20,687870369,0.170000000,0.170000000,0.150000000,0.150000000,11,MSOX  260821C00006000
2026-06-29T00:00:00.000000000Z,35,37,687874268,0.100000000,0.100000000,0.100000000,0.100000000,5,MSOX  260821C00007000
2026-06-29T00:00:00.000000000Z,35,20,687868789,1.000000000,1.000000000,1.000000000,1.000000000,10,MSOX  260717C00002000
2026-06-29T00:00:00.000000000Z,35,36,687872690,0.120000000,0.130000000,0.110000000,0.130000000,252,MSOX  260717C00004000
2026-06-29T00:00:00.000000000Z,35,35,687872690,0.140000000,0.150000000,0.100000000,0.100000000,14,MSOX  260717C00004000
2026-06-29T00:00:00.000000000Z,35,24,687872690,0.120000000,0.150000000,0.120000000,0.150000000,305,MSOX  260717C00004000
2026-06-29T00:00:00.000000000Z,35,26,687866429,0.280000000,0.280000000,0.280000000,0.280000000,1,MSOX  260821C00005000
2026-06-29T00:00:00.000000000Z,35,28,687872690,0.120000000,0.150000000,0.120000000,0.140000000,137,MSOX  260717C00004000
2026-06-29T00:00:00.000000000Z,35,20,687869925,0.950000000,0.950000000,0.950000000,0.950000000,4,MSOX  270115C00004000
2026-06-29T00:00:00.000000000Z,35,26,687868789,1.000000000,1.000000000,0.950000000,0.950000000,41,MSOX  260717C00002000
2026-06-29T00:00:00.000000000Z,35,24,687869925,1.000000000,1.000000000,1.000000000,1.000000000,1,MSOX  270115C00004000
2026-06-29T00:00:00.000000000Z,35,26,687872690,0.150000000,0.150000000,0.130000000,0.150000000,5,MSOX  260717C00004000
2026-06-29T00:00:00.000000000Z,35,20,704644790,1.090000000,1.090000000,1.090000000,1.090000000,1,MSOX  261120C00003000
2026-06-30T00:00:00.000000000Z,35,27,687866785,0.150000000,0.220000000,0.150000000,0.220000000,26,MSOX  260717C00004000
2026-06-30T00:00:00.000000000Z,35,24,687872281,0.120000000,0.120000000,0.120000000,0.120000000,8,MSOX  260821C00007000
2026-06-30T00:00:00.000000000Z,35,35,687876547,0.500000000,0.500000000,0.300000000,0.300000000,11,MSOX  260717P00003000
2026-06-30T00:00:00.000000000Z,35,37,687869854,0.550000000,0.550000000,0.550000000,0.550000000,25,MSOX  270115C00010000
2026-06-30T00:00:00.000000000Z,35,36,687874640,3.000000000,3.000000000,3.000000000,3.000000000,3,MSOX  260717P00006000
2026-06-30T00:00:00.000000000Z,35,20,687866405,0.340000000,0.340000000,0.340000000,0.340000000,1,MSOX  260821C00005000
2026-06-30T00:00:00.000000000Z,35,27,687866395,0.430000000,0.430000000,0.430000000,0.430000000,25,MSOX  260821C00004000
2026-06-30T00:00:00.000000000Z,35,35,687866785,0.100000000,0.200000000,0.100000000,0.200000000,31,MSOX  260717C00004000
2026-06-30T00:00:00.000000000Z,35,20,687870707,0.060000000,0.060000000,0.060000000,0.060000000,1,MSOX  260717C00006000
2026-06-30T00:00:00.000000000Z,35,24,687876547,0.300000000,0.300000000,0.300000000,0.300000000,4,MSOX  260717P00003000
2026-06-30T00:00:00.000000000Z,35,35,687870317,1.150000000,1.150000000,1.150000000,1.150000000,1,MSOX  260821C00002000
2026-06-30T00:00:00.000000000Z,35,35,687868743,0.100000000,0.100000000,0.100000000,0.100000000,4,MSOX  260717C00005000
2026-06-30T00:00:00.000000000Z,35,28,687876184,0.210000000,0.210000000,0.210000000,0.210000000,1,MSOX  260821C00006000
2026-06-30T00:00:00.000000000Z,35,22,687874236,1.490000000,1.490000000,1.490000000,1.490000000,88,MSOX  260821P00004000
2026-06-30T00:00:00.000000000Z,35,29,687866395,0.450000000,0.450000000,0.450000000,0.450000000,55,MSOX  260821C00004000
2026-06-30T00:00:00.000000000Z,35,37,687865937,0.500000000,0.500000000,0.500000000,0.500000000,1,MSOX  270115C00011000
2026-06-30T00:00:00.000000000Z,35,36,687866395,0.510000000,0.510000000,0.510000000,0.510000000,1,MSOX  260821C00004000
2026-06-30T00:00:00.000000000Z,35,37,687876547,0.350000000,0.350000000,0.300000000,0.300000000,3,MSOX  260717P00003000
2026-06-30T00:00:00.000000000Z,35,28,687872281,0.150000000,0.150000000,0.150000000,0.150000000,13,MSOX  260821C00007000
2026-06-30T00:00:00.000000000Z,35,37,687870317,1.400000000,1.400000000,1.400000000,1.400000000,2,MSOX  260821C00002000
2026-06-30T00:00:00.000000000Z,35,37,704644811,0.800000000,0.800000000,0.800000000,0.800000000,4,MSOX  261120C00005000
2026-06-30T00:00:00.000000000Z,35,20,687866785,0.150000000,0.180000000,0.150000000,0.180000000,15,MSOX  260717C00004000
2026-06-30T00:00:00.000000000Z,35,27,687876184,0.180000000,0.180000000,0.180000000,0.180000000,20,MSOX  260821C00006000
2026-06-30T00:00:00.000000000Z,35,25,687876547,0.300000000,0.300000000,0.300000000,0.300000000,3,MSOX  260717P00003000
2026-06-30T00:00:00.000000000Z,35,35,687874236,1.450000000,1.450000000,1.450000000,1.450000000,22,MSOX  260821P00004000
2026-06-30T00:00:00.000000000Z,35,35,687874237,0.750000000,0.750000000,0.750000000,0.750000000,22,MSOX  260821P00003000
2026-06-30T00:00:00.000000000Z,35,20,687865937,0.580000000,0.580000000,0.560000000,0.560000000,9,MSOX  270115C00011000
2026-06-30T00:00:00.000000000Z,35,26,687870317,1.150000000,1.350000000,1.150000000,1.350000000,5,MSOX  260821C00002000
2026-06-30T00:00:00.000000000Z,35,29,687868733,0.600000000,0.600000000,0.600000000,0.600000000,1,MSOX  260717C00003000
2026-06-30T00:00:00.000000000Z,35,28,687866395,0.550000000,0.550000000,0.490000000,0.490000000,70,MSOX  260821C00004000
2026-06-30T00:00:00.000000000Z,35,31,687866785,0.200000000,0.200000000,0.200000000,0.200000000,4,MSOX  260717C00004000
2026-06-30T00:00:00.000000000Z,35,37,687872943,1.250000000,1.250000000,1.250000000,1.250000000,1,MSOX  270219C00004000
2026-06-30T00:00:00.000000000Z,35,34,687866785,0.200000000,0.200000000,0.200000000,0.200000000,1,MSOX  260717C00004000
2026-06-30T00:00:00.000000000Z,35,37,687875716,1.300000000,1.300000000,1.300000000,1.300000000,20,MSOX  270115P00003000
2026-06-30T00:00:00.000000000Z,35,31,687870317,1.350000000,1.350000000,1.350000000,1.350000000,1,MSOX  260821C00002000
2026-06-30T00:00:00.000000000Z,35,27,687876547,0.300000000,0.300000000,0.300000000,0.300000000,2,MSOX  260717P00003000
2026-06-30T00:00:00.000000000Z,35,28,687866405,0.300000000,0.320000000,0.300000000,0.320000000,5,MSOX  260821C00005000
2026-06-30T00:00:00.000000000Z,35,26,687872295,0.150000000,0.150000000,0.150000000,0.150000000,25,MSOX  260821P00002000
2026-06-30T00:00:00.000000000Z,35,36,687866785,0.170000000,0.190000000,0.170000000,0.190000000,17,MSOX  260717C00004000
2026-06-30T00:00:00.000000000Z,35,26,687872281,0.150000000,0.150000000,0.150000000,0.150000000,3,MSOX  260821C00007000
2026-06-30T00:00:00.000000000Z,35,22,687866785,0.170000000,0.200000000,0.160000000,0.200000000,25,MSOX  260717C00004000
2026-06-30T00:00:00.000000000Z,35,33,687876547,0.300000000,0.300000000,0.300000000,0.300000000,2,MSOX  260717P00003000
2026-06-30T00:00:00.000000000Z,35,33,687866785,0.200000000,0.200000000,0.200000000,0.200000000,18,MSOX  260717C00004000
2026-06-30T00:00:00.000000000Z,35,61,704648837,1.000000000,1.000000000,1.000000000,1.000000000,1,MSOX  261120C00004000
2026-06-30T00:00:00.000000000Z,35,26,704647509,1.600000000,1.600000000,1.600000000,1.600000000,10,MSOX  261120C00002000
2026-06-30T00:00:00.000000000Z,35,24,704646493,0.600000000,0.600000000,0.600000000,0.600000000,22,MSOX  260918C00004000
2026-06-30T00:00:00.000000000Z,35,24,687866785,0.150000000,0.240000000,0.150000000,0.240000000,16,MSOX  260717C00004000
2026-06-30T00:00:00.000000000Z,35,24,687872660,1.250000000,1.250000000,1.250000000,1.250000000,10,MSOX  260717C00002000
2026-06-30T00:00:00.000000000Z,35,37,687866395,0.500000000,0.500000000,0.500000000,0.500000000,2,MSOX  260821C00004000
2026-06-30T00:00:00.000000000Z,35,37,687874237,0.600000000,0.600000000,0.600000000,0.600000000,10,MSOX  260821P00003000
2026-06-30T00:00:00.000000000Z,35,28,687868733,0.410000000,0.490000000,0.410000000,0.490000000,3,MSOX  260717C00003000
2026-06-30T00:00:00.000000000Z,35,26,687867894,1.990000000,1.990000000,1.990000000,1.990000000,1,MSOX  270115P00004000
2026-06-30T00:00:00.000000000Z,35,35,687868733,0.480000000,0.590000000,0.480000000,0.590000000,9,MSOX  260717C00003000
2026-06-30T00:00:00.000000000Z,35,37,687866785,0.100000000,0.200000000,0.100000000,0.200000000,16,MSOX  260717C00004000
2026-06-30T00:00:00.000000000Z,35,22,687869854,0.570000000,0.570000000,0.560000000,0.560000000,41,MSOX  270115C00010000
2026-06-30T00:00:00.000000000Z,35,26,687866395,0.470000000,0.470000000,0.470000000,0.470000000,40,MSOX  260821C00004000
2026-06-30T00:00:00.000000000Z,35,26,687869854,0.500000000,0.500000000,0.500000000,0.500000000,2,MSOX  270115C00010000
2026-06-30T00:00:00.000000000Z,35,24,687875728,1.000000000,1.000000000,1.000000000,1.000000000,2,MSOX  270115C00005000
2026-06-30T00:00:00.000000000Z,35,37,687876184,0.200000000,0.200000000,0.200000000,0.200000000,25,MSOX  260821C00006000
2026-06-30T00:00:00.000000000Z,35,34,687876547,0.300000000,0.300000000,0.300000000,0.300000000,5,MSOX  260717P00003000
2026-06-30T00:00:00.000000000Z,35,26,687868733,0.350000000,0.500000000,0.350000000,0.500000000,14,MSOX  260717C00003000
2026-06-30T00:00:00.000000000Z,35,22,687865937,0.560000000,0.560000000,0.550000000,0.550000000,41,MSOX  270115C00011000
2026-06-30T00:00:00.000000000Z,35,25,687866785,0.200000000,0.200000000,0.200000000,0.200000000,13,MSOX  260717C00004000
2026-06-30T00:00:00.000000000Z,35,22,687868743,0.070000000,0.070000000,0.070000000,0.070000000,3,MSOX  260717C00005000
2026-06-30T00:00:00.000000000Z,35,37,687865932,0.700000000,0.700000000,0.700000000,0.700000000,1,MSOX  270115C00008000
2026-06-30T00:00:00.000000000Z,35,27,687868733,0.500000000,0.500000000,0.500000000,0.500000000,10,MSOX  260717C00003000
2026-06-30T00:00:00.000000000Z,35,27,687872281,0.150000000,0.150000000,0.150000000,0.150000000,12,MSOX  260821C00007000
2026-06-30T00:00:00.000000000Z,35,22,687874237,0.790000000,0.790000000,0.790000000,0.790000000,88,MSOX  260821P00003000
2026-06-30T00:00:00.000000000Z,35,36,687868743,0.090000000,0.090000000,0.090000000,0.090000000,1,MSOX  260717C00005000
2026-06-30T00:00:00.000000000Z,35,26,687866405,0.300000000,0.350000000,0.280000000,0.350000000,4,MSOX  260821C00005000
2026-06-30T00:00:00.000000000Z,35,36,704648321,3.190000000,3.190000000,3.190000000,3.190000000,3,MSOX  260918P00006000
2026-06-30T00:00:00.000000000Z,35,37,704650205,2.750000000,2.750000000,2.750000000,2.750000000,108,MSOX  261120P00005000
2026-06-30T00:00:00.000000000Z,35,26,687872660,1.250000000,1.250000000,1.250000000,1.250000000,1,MSOX  260717C00002000
2026-06-30T00:00:00.000000000Z,35,31,687866395,0.450000000,0.450000000,0.450000000,0.450000000,2,MSOX  260821C00004000
2026-06-30T00:00:00.000000000Z,35,20,687869854,0.590000000,0.590000000,0.570000000,0.570000000,9,MSOX  270115C00010000
2026-06-30T00:00:00.000000000Z,35,36,687872281,0.120000000,0.120000000,0.120000000,0.120000000,5,MSOX  260821C00007000
2026-06-30T00:00:00.000000000Z,35,27,687866405,0.300000000,0.300000000,0.300000000,0.300000000,8,MSOX  260821C00005000
2026-06-30T00:00:00.000000000Z,35,26,687875716,1.250000000,1.250000000,1.250000000,1.250000000,1,MSOX  270115P00003000
2026-06-30T00:00:00.000000000Z,35,37,687872660,1.200000000,1.400000000,1.200000000,1.400000000,65,MSOX  260717C00002000
2026-06-30T00:00:00.000000000Z,35,27,687870707,0.050000000,0.050000000,0.050000000,0.050000000,1,MSOX  260717C00006000
2026-06-30T00:00:00.000000000Z,35,28,687870707,0.040000000,0.040000000,0.040000000,0.040000000,1,MSOX  260717C00006000
2026-06-30T00:00:00.000000000Z,35,26,687866785,0.200000000,0.200000000,0.200000000,0.200000000,3,MSOX  260717C00004000
2026-06-30T00:00:00.000000000Z,35,28,687866785,0.150000000,0.180000000,0.150000000,0.150000000,54,MSOX  260717C00004000
2026-06-30T00:00:00.000000000Z,35,37,687868733,0.350000000,0.600000000,0.350000000,0.600000000,11,MSOX  260717C00003000
2026-06-30T00:00:00.000000000Z,35,35,687866405,0.250000000,0.250000000,0.250000000,0.250000000,1,MSOX  260821C00005000
2026-06-30T00:00:00.000000000Z,35,20,687868733,0.400000000,0.400000000,0.400000000,0.400000000,1,MSOX  260717C00003000
2026-06-30T00:00:00.000000000Z,35,37,687866405,0.300000000,0.300000000,0.300000000,0.300000000,1,MSOX  260821C00005000
2026-06-30T00:00:00.000000000Z,35,61,687866395,0.600000000,0.600000000,0.600000000,0.600000000,5,MSOX  260821C00004000
2026-06-30T00:00:00.000000000Z,35,37,687872671,0.950000000,0.950000000,0.950000000,0.950000000,1,MSOX  260717P00004000
2026-06-30T00:00:00.000000000Z,35,29,687866785,0.200000000,0.200000000,0.200000000,0.200000000,4,MSOX  260717C00004000
2026-06-30T00:00:00.000000000Z,35,35,687876184,0.200000000,0.200000000,0.200000000,0.200000000,3,MSOX  260821C00006000
2026-06-30T00:00:00.000000000Z,35,22,687866395,0.550000000,0.550000000,0.550000000,0.550000000,6,MSOX  260821C00004000
2026-06-30T00:00:00.000000000Z,35,21,687866785,0.200000000,0.200000000,0.200000000,0.200000000,10,MSOX  260717C00004000
2026-06-30T00:00:00.000000000Z,35,37,704646493,0.600000000,0.750000000,0.600000000,0.750000000,37,MSOX  260918C00004000
2026-06-30T00:00:00.000000000Z,35,24,704650205,2.750000000,2.750000000,2.750000000,2.750000000,17,MSOX  261120P00005000
2026-06-30T00:00:00.000000000Z,35,22,704646493,0.650000000,0.650000000,0.650000000,0.650000000,1,MSOX  260918C00004000
2026-07-01T00:00:00.000000000Z,35,61,687870351,0.500000000,0.500000000,0.500000000,0.500000000,20,MSOX  260821C00004000
2026-07-01T00:00:00.000000000Z,35,22,687876218,0.760000000,0.760000000,0.760000000,0.760000000,4,MSOX  260821C00003000
2026-07-01T00:00:00.000000000Z,35,25,687872785,0.050000000,0.050000000,0.050000000,0.050000000,5,MSOX  260717C00005000
2026-07-01T00:00:00.000000000Z,35,27,687872831,0.470000000,0.480000000,0.470000000,0.480000000,12,MSOX  260717C00003000
2026-07-01T00:00:00.000000000Z,35,31,687872785,0.050000000,0.050000000,0.050000000,0.050000000,5,MSOX  260717C00005000
2026-07-01T00:00:00.000000000Z,35,28,687876746,0.120000000,0.120000000,0.120000000,0.120000000,2,MSOX  260717C00004000
2026-07-01T00:00:00.000000000Z,35,37,687875808,1.050000000,1.050000000,1.050000000,1.050000000,3,MSOX  270115C00005000
2026-07-01T00:00:00.000000000Z,35,37,687868903,1.200000000,1.200000000,1.200000000,1.200000000,1,MSOX  260717C00002000
2026-07-01T00:00:00.000000000Z,35,22,687869842,0.740000000,0.750000000,0.740000000,0.750000000,40,MSOX  270115C00010000
2026-07-01T00:00:00.000000000Z,35,20,687875807,0.630000000,0.640000000,0.630000000,0.640000000,7,MSOX  270115C00011000
2026-07-01T00:00:00.000000000Z,35,22,687872831,0.450000000,0.450000000,0.450000000,0.450000000,2,MSOX  260717C00003000
2026-07-01T00:00:00.000000000Z,35,26,704650781,0.650000000,0.650000000,0.650000000,0.650000000,25,MSOX  261016C00005000
2026-07-01T00:00:00.000000000Z,35,61,687872831,0.450000000,0.450000000,0.450000000,0.450000000,3,MSOX  260717C00003000
2026-07-01T00:00:00.000000000Z,35,35,687876746,0.150000000,0.150000000,0.120000000,0.120000000,2,MSOX  260717C00004000
2026-07-01T00:00:00.000000000Z,35,28,687872309,1.360000000,1.360000000,1.360000000,1.360000000,3,MSOX  260821C00002000
2026-07-01T00:00:00.000000000Z,35,37,687875807,0.500000000,0.500000000,0.500000000,0.500000000,1,MSOX  270115C00011000
2026-07-01T00:00:00.000000000Z,35,37,687876218,0.850000000,0.850000000,0.750000000,0.750000000,100,MSOX  260821C00003000
2026-07-01T00:00:00.000000000Z,35,35,687872831,0.500000000,0.500000000,0.500000000,0.500000000,1,MSOX  260717C00003000
2026-07-01T00:00:00.000000000Z,35,36,687876746,0.110000000,0.110000000,0.110000000,0.110000000,3,MSOX  260717C00004000
2026-07-01T00:00:00.000000000Z,35,35,687872309,1.360000000,1.360000000,1.290000000,1.290000000,4,MSOX  260821C00002000
2026-07-01T00:00:00.000000000Z,35,37,687866889,0.300000000,0.300000000,0.300000000,0.300000000,10,MSOX  260717P00003000
2026-07-01T00:00:00.000000000Z,35,31,687872831,0.400000000,0.400000000,0.400000000,0.400000000,3,MSOX  260717C00003000
2026-07-01T00:00:00.000000000Z,35,22,687875807,0.630000000,0.650000000,0.630000000,0.640000000,40,MSOX  270115C00011000
2026-07-01T00:00:00.000000000Z,35,22,704645287,1.060000000,1.120000000,1.000000000,1.000000000,3,MSOX  260918C00003000
2026-07-01T00:00:00.000000000Z,35,26,704650729,0.800000000,0.800000000,0.800000000,0.800000000,90,MSOX  260918C00004000
2026-07-01T00:00:00.000000000Z,35,28,687866889,0.260000000,0.290000000,0.260000000,0.290000000,4,MSOX  260717P00003000
2026-07-01T00:00:00.000000000Z,35,31,687868903,1.150000000,1.150000000,1.150000000,1.150000000,15,MSOX  260717C00002000
2026-07-01T00:00:00.000000000Z,35,33,687876746,0.100000000,0.100000000,0.100000000,0.100000000,7,MSOX  260717C00004000
2026-07-01T00:00:00.000000000Z,35,20,687872309,1.360000000,1.360000000,1.360000000,1.360000000,1,MSOX  260821C00002000
2026-07-01T00:00:00.000000000Z,35,35,687872785,0.050000000,0.050000000,0.050000000,0.050000000,26,MSOX  260717C00005000
2026-07-01T00:00:00.000000000Z,35,20,687869842,0.740000000,0.750000000,0.740000000,0.750000000,7,MSOX  270115C00010000
2026-07-01T00:00:00.000000000Z,35,32,687876746,0.100000000,0.100000000,0.100000000,0.100000000,30,MSOX  260717C00004000
2026-07-01T00:00:00.000000000Z,35,26,687876218,0.800000000,0.800000000,0.800000000,0.800000000,50,MSOX  260821C00003000
2026-07-01T00:00:00.000000000Z,35,24,687876746,0.140000000,0.140000000,0.140000000,0.140000000,10,MSOX  260717C00004000
2026-07-01T00:00:00.000000000Z,35,35,687870351,0.440000000,0.450000000,0.440000000,0.450000000,12,MSOX  260821C00004000
2026-07-01T00:00:00.000000000Z,35,37,687874279,0.150000000,0.150000000,0.150000000,0.150000000,15,MSOX  260821C00007000
2026-07-01T00:00:00.000000000Z,35,26,687875808,1.000000000,1.000000000,1.000000000,1.000000000,3,MSOX  270115C00005000
2026-07-01T00:00:00.000000000Z,35,27,704643411,1.230000000,1.230000000,1.230000000,1.230000000,2,MSOX  261120C00003000
2026-07-01T00:00:00.000000000Z,35,61,687876746,0.150000000,0.150000000,0.150000000,0.150000000,25,MSOX  260717C00004000
2026-07-01T00:00:00.000000000Z,35,20,687876746,0.150000000,0.150000000,0.150000000,0.150000000,1,MSOX  260717C00004000
2026-07-01T00:00:00.000000000Z,35,35,687870305,0.270000000,0.270000000,0.270000000,0.270000000,1,MSOX  260821C00005000
2026-07-01T00:00:00.000000000Z,35,28,687872831,0.320000000,0.320000000,0.320000000,0.320000000,1,MSOX  260717C00003000
2026-07-01T00:00:00.000000000Z,35,26,687872309,1.350000000,1.350000000,1.350000000,1.350000000,3,MSOX  260821C00002000
2026-07-01T00:00:00.000000000Z,35,31,687875808,0.950000000,0.950000000,0.900000000,0.900000000,2,MSOX  270115C00005000
2026-07-01T00:00:00.000000000Z,35,35,687874279,0.090000000,0.090000000,0.090000000,0.090000000,1,MSOX  260821C00007000
2026-07-01T00:00:00.000000000Z,35,20,687876218,0.680000000,0.680000000,0.680000000,0.680000000,1,MSOX  260821C00003000
2026-07-01T00:00:00.000000000Z,35,24,687872785,0.060000000,0.060000000,0.060000000,0.060000000,15,MSOX  260717C00005000
2026-07-01T00:00:00.000000000Z,35,22,704643411,1.190000000,1.300000000,1.130000000,1.130000000,11,MSOX  261120C00003000
2026-07-01T00:00:00.000000000Z,35,22,704650202,0.780000000,0.780000000,0.780000000,0.780000000,4,MSOX  261120C00005000
2026-07-01T00:00:00.000000000Z,35,22,704649352,1.090000000,1.090000000,1.090000000,1.090000000,2,MSOX  261016C00003000
2026-07-02T00:00:00.000000000Z,35,28,687870733,0.120000000,0.120000000,0.100000000,0.120000000,7,MSOX  260717C00004000
2026-07-02T00:00:00.000000000Z,35,22,687872671,1.060000000,1.060000000,1.060000000,1.060000000,1,MSOX  260717C00002000
2026-07-02T00:00:00.000000000Z,35,61,687870733,0.150000000,0.150000000,0.150000000,0.150000000,6,MSOX  260717C00004000
2026-07-02T00:00:00.000000000Z,35,31,687876245,0.650000000,0.750000000,0.650000000,0.750000000,4,MSOX  260821C00003000
2026-07-02T00:00:00.000000000Z,35,22,687868359,1.230000000,1.230000000,1.230000000,1.230000000,1,MSOX  260821C00002000
2026-07-02T00:00:00.000000000Z,35,28,687874620,0.030000000,0.030000000,0.030000000,0.030000000,1,MSOX  260717C00006000
2026-07-02T00:00:00.000000000Z,35,31,704650212,0.800000000,0.800000000,0.800000000,0.800000000,4,MSOX  261120C00005000
2026-07-02T00:00:00.000000000Z,35,37,704643460,0.900000000,0.900000000,0.900000000,0.900000000,20,MSOX  261120C00004000
2026-07-02T00:00:00.000000000Z,35,26,687867892,2.000000000,2.000000000,2.000000000,2.000000000,1,MSOX  270115P00004000
2026-07-02T00:00:00.000000000Z,35,26,687866408,0.610000000,0.610000000,0.610000000,0.610000000,1,MSOX  260821P00003000
2026-07-02T00:00:00.000000000Z,35,20,687868359,1.250000000,1.250000000,1.250000000,1.250000000,1,MSOX  260821C00002000
2026-07-02T00:00:00.000000000Z,35,36,687876629,0.300000000,0.300000000,0.300000000,0.300000000,3,MSOX  260717P00003000
2026-07-02T00:00:00.000000000Z,35,22,687871831,0.540000000,0.610000000,0.540000000,0.550000000,68,MSOX  270115C00010000
2026-07-02T00:00:00.000000000Z,35,26,687871831,0.550000000,0.550000000,0.550000000,0.550000000,1,MSOX  270115C00010000
2026-07-02T00:00:00.000000000Z,35,22,687870733,0.150000000,0.150000000,0.150000000,0.150000000,4,MSOX  260717C00004000
2026-07-02T00:00:00.000000000Z,35,37,687875763,2.350000000,2.350000000,2.350000000,2.350000000,1,MSOX  270115C00001000
2026-07-02T00:00:00.000000000Z,35,31,687866981,1.150000000,1.150000000,1.150000000,1.150000000,1,MSOX  270219C00005000
2026-07-02T00:00:00.000000000Z,35,28,687872289,0.430000000,0.430000000,0.430000000,0.430000000,10,MSOX  260821C00004000
2026-07-02T00:00:00.000000000Z,35,22,687875769,0.530000000,0.540000000,0.530000000,0.540000000,39,MSOX  270115C00011000
2026-07-02T00:00:00.000000000Z,35,20,687872671,1.050000000,1.050000000,1.050000000,1.050000000,1,MSOX  260717C00002000
2026-07-02T00:00:00.000000000Z,35,26,687870733,0.130000000,0.130000000,0.130000000,0.130000000,1,MSOX  260717C00004000
2026-07-02T00:00:00.000000000Z,35,28,687871831,0.590000000,0.600000000,0.590000000,0.600000000,2,MSOX  270115C00010000
2026-07-02T00:00:00.000000000Z,35,20,687867898,0.600000000,0.610000000,0.590000000,0.600000000,14,MSOX  270115C00009000
2026-07-02T00:00:00.000000000Z,35,20,687875769,0.550000000,0.550000000,0.540000000,0.550000000,6,MSOX  270115C00011000
2026-07-02T00:00:00.000000000Z,35,36,687872289,0.440000000,0.440000000,0.440000000,0.440000000,1,MSOX  260821C00004000
2026-07-02T00:00:00.000000000Z,35,24,687870733,0.150000000,0.150000000,0.150000000,0.150000000,3,MSOX  260717C00004000
2026-07-02T00:00:00.000000000Z,35,35,687872671,1.100000000,1.100000000,1.100000000,1.100000000,15,MSOX  260717C00002000
2026-07-02T00:00:00.000000000Z,35,35,687874240,0.150000000,0.150000000,0.150000000,0.150000000,2,MSOX  260821C00007000
2026-07-02T00:00:00.000000000Z,35,61,687872671,1.200000000,1.200000000,1.200000000,1.200000000,1,MSOX  260717C00002000
2026-07-02T00:00:00.000000000Z,35,37,687876245,0.700000000,0.700000000,0.700000000,0.700000000,1,MSOX  260821C00003000
2026-07-02T00:00:00.000000000Z,35,35,687872287,0.290000000,0.290000000,0.290000000,0.290000000,1,MSOX  260821C00005000
2026-07-02T00:00:00.000000000Z,35,28,687867898,0.600000000,0.610000000,0.600000000,0.610000000,2,MSOX  270115C00009000
2026-07-02T00:00:00.000000000Z,35,22,687867898,0.610000000,0.620000000,0.590000000,0.620000000,29,MSOX  270115C00009000
2026-07-02T00:00:00.000000000Z,35,26,687868981,1.310000000,1.310000000,1.310000000,1.310000000,1,MSOX  270219C00004000
2026-07-02T00:00:00.000000000Z,35,20,687871831,0.550000000,0.600000000,0.550000000,0.560000000,21,MSOX  270115C00010000
2026-07-02T00:00:00.000000000Z,35,37,687872671,1.100000000,1.100000000,1.050000000,1.050000000,2,MSOX  260717C00002000
2026-07-06T00:00:00.000000000Z,35,24,687868757,0.300000000,0.300000000,0.150000000,0.150000000,100,MSOX  260717C00003000
2026-07-06T00:00:00.000000000Z,35,35,687876229,0.090000000,0.090000000,0.090000000,0.090000000,7,MSOX  260821C00006000
2026-07-06T00:00:00.000000000Z,35,35,687875020,0.730000000,0.730000000,0.730000000,0.730000000,1,MSOX  270219C00006000
2026-07-06T00:00:00.000000000Z,35,31,687868757,0.300000000,0.300000000,0.200000000,0.200000000,11,MSOX  260717C00003000
2026-07-06T00:00:00.000000000Z,35,26,687872678,0.080000000,0.080000000,0.080000000,0.080000000,1,MSOX  260717C00004000
2026-07-06T00:00:00.000000000Z,35,24,687868355,0.120000000,0.120000000,0.120000000,0.120000000,2,MSOX  260821C00005000
2026-07-06T00:00:00.000000000Z,35,37,687866382,0.750000000,0.750000000,0.750000000,0.750000000,30,MSOX  260821P00003000
2026-07-06T00:00:00.000000000Z,35,21,687868757,0.150000000,0.150000000,0.150000000,0.150000000,12,MSOX  260717C00003000
2026-07-06T00:00:00.000000000Z,35,28,687875770,0.610000000,0.610000000,0.610000000,0.610000000,1,MSOX  270115C00009000
2026-07-06T00:00:00.000000000Z,35,21,687868353,0.300000000,0.300000000,0.300000000,0.300000000,22,MSOX  260821C00004000
2026-07-06T00:00:00.000000000Z,35,37,687870706,0.400000000,0.450000000,0.400000000,0.450000000,30,MSOX  260717P00003000
2026-07-06T00:00:00.000000000Z,35,37,687869877,0.200000000,0.200000000,0.200000000,0.200000000,1,MSOX  270115C00023000
2026-07-06T00:00:00.000000000Z,35,37,687868355,0.150000000,0.150000000,0.150000000,0.150000000,33,MSOX  260821C00005000
2026-07-06T00:00:00.000000000Z,35,37,687874242,0.500000000,0.500000000,0.450000000,0.450000000,56,MSOX  260821C00003000
2026-07-06T00:00:00.000000000Z,35,61,687872678,0.100000000,0.100000000,0.100000000,0.100000000,1,MSOX  260717C00004000
2026-07-06T00:00:00.000000000Z,35,22,687876229,0.120000000,0.120000000,0.100000000,0.100000000,31,MSOX  260821C00006000
2026-07-06T00:00:00.000000000Z,35,31,687869877,0.150000000,0.150000000,0.150000000,0.150000000,4,MSOX  270115C00023000
2026-07-06T00:00:00.000000000Z,35,37,687866823,0.750000000,0.750000000,0.750000000,0.750000000,1,MSOX  260717C00002000
2026-07-06T00:00:00.000000000Z,35,35,687869877,0.200000000,0.200000000,0.200000000,0.200000000,1,MSOX  270115C00023000
2026-07-06T00:00:00.000000000Z,35,31,687870706,0.350000000,0.500000000,0.350000000,0.500000000,28,MSOX  260717P00003000
2026-07-06T00:00:00.000000000Z,35,27,704644933,0.650000000,0.650000000,0.650000000,0.650000000,18,MSOX  260918C00003000
2026-07-06T00:00:00.000000000Z,35,36,687870706,0.300000000,0.300000000,0.300000000,0.300000000,44,MSOX  260717P00003000
2026-07-06T00:00:00.000000000Z,35,27,687868757,0.180000000,0.180000000,0.180000000,0.180000000,5,MSOX  260717C00003000
2026-07-06T00:00:00.000000000Z,35,37,687868757,0.200000000,0.200000000,0.150000000,0.150000000,146,MSOX  260717C00003000
2026-07-06T00:00:00.000000000Z,35,31,687875839,2.800000000,2.800000000,2.800000000,2.800000000,1,MSOX  270115P00005000
2026-07-06T00:00:00.000000000Z,35,27,687872678,0.090000000,0.090000000,0.090000000,0.090000000,2,MSOX  260717C00004000
2026-07-06T00:00:00.000000000Z,35,28,687866823,1.050000000,1.050000000,1.050000000,1.050000000,1,MSOX  260717C00002000
2026-07-06T00:00:00.000000000Z,35,24,687874644,0.010000000,0.010000000,0.010000000,0.010000000,6,MSOX  260717C00006000
2026-07-06T00:00:00.000000000Z,35,33,687869877,0.150000000,0.150000000,0.150000000,0.150000000,6,MSOX  270115C00023000
2026-07-06T00:00:00.000000000Z,35,22,687868757,0.190000000,0.190000000,0.170000000,0.170000000,31,MSOX  260717C00003000
2026-07-06T00:00:00.000000000Z,35,26,687866382,0.590000000,0.590000000,0.590000000,0.590000000,30,MSOX  260821P00003000
2026-07-06T00:00:00.000000000Z,35,28,687865900,0.490000000,0.490000000,0.490000000,0.490000000,1,MSOX  270115C00010000
2026-07-06T00:00:00.000000000Z,35,61,687866823,0.950000000,0.950000000,0.950000000,0.950000000,1,MSOX  260717C00002000
2026-07-06T00:00:00.000000000Z,35,35,687868757,0.260000000,0.260000000,0.160000000,0.160000000,3,MSOX  260717C00003000
2026-07-06T00:00:00.000000000Z,35,36,687868355,0.230000000,0.230000000,0.230000000,0.230000000,19,MSOX  260821C00005000
2026-07-06T00:00:00.000000000Z,35,37,687870330,0.200000000,0.200000000,0.200000000,0.200000000,1,MSOX  260821P00002000
2026-07-06T00:00:00.000000000Z,35,22,687869928,0.500000000,0.510000000,0.500000000,0.510000000,4,MSOX  270115C00011000
2026-07-06T00:00:00.000000000Z,35,35,687874242,0.450000000,0.450000000,0.450000000,0.450000000,50,MSOX  260821C00003000
2026-07-06T00:00:00.000000000Z,35,25,704647499,0.950000000,0.950000000,0.950000000,0.950000000,15,MSOX  261016C00003000
2026-07-06T00:00:00.000000000Z,35,31,704645366,1.000000000,1.000000000,1.000000000,1.000000000,30,MSOX  260918C00002000
2026-07-06T00:00:00.000000000Z,35,36,687872678,0.100000000,0.100000000,0.100000000,0.100000000,7,MSOX  260717C00004000
2026-07-06T00:00:00.000000000Z,35,20,687869928,0.530000000,0.530000000,0.530000000,0.530000000,2,MSOX  270115C00011000
2026-07-06T00:00:00.000000000Z,35,35,687872678,0.050000000,0.050000000,0.050000000,0.050000000,25,MSOX  260717C00004000
2026-07-06T00:00:00.000000000Z,35,26,687870706,0.500000000,0.500000000,0.500000000,0.500000000,1,MSOX  260717P00003000
2026-07-06T00:00:00.000000000Z,35,20,687875770,0.610000000,0.630000000,0.600000000,0.630000000,13,MSOX  270115C00009000
2026-07-06T00:00:00.000000000Z,35,27,687868808,0.040000000,0.040000000,0.040000000,0.040000000,1,MSOX  260717C00005000
2026-07-06T00:00:00.000000000Z,35,31,687872284,0.900000000,0.900000000,0.900000000,0.900000000,2,MSOX  260821C00002000
2026-07-06T00:00:00.000000000Z,35,32,687870706,0.450000000,0.450000000,0.450000000,0.450000000,1,MSOX  260717P00003000
2026-07-06T00:00:00.000000000Z,35,37,687865900,0.400000000,0.400000000,0.400000000,0.400000000,50,MSOX  270115C00010000
2026-07-06T00:00:00.000000000Z,35,36,687869877,0.170000000,0.170000000,0.170000000,0.170000000,25,MSOX  270115C00023000
2026-07-06T00:00:00.000000000Z,35,28,687868757,0.270000000,0.280000000,0.180000000,0.180000000,40,MSOX  260717C00003000
2026-07-06T00:00:00.000000000Z,35,26,687868757,0.350000000,0.350000000,0.350000000,0.350000000,10,MSOX  260717C00003000
2026-07-06T00:00:00.000000000Z,35,37,704645947,0.600000000,0.600000000,0.600000000,0.600000000,5,MSOX  261120C00005000
2026-07-06T00:00:00.000000000Z,35,20,687865900,0.480000000,0.630000000,0.480000000,0.630000000,15,MSOX  270115C00010000
2026-07-06T00:00:00.000000000Z,35,36,687868757,0.170000000,0.170000000,0.170000000,0.170000000,10,MSOX  260717C00003000
2026-07-06T00:00:00.000000000Z,35,20,687868757,0.200000000,0.200000000,0.200000000,0.200000000,4,MSOX  260717C00003000
2026-07-06T00:00:00.000000000Z,35,24,687870706,0.380000000,0.510000000,0.380000000,0.510000000,28,MSOX  260717P00003000
2026-07-06T00:00:00.000000000Z,35,61,687869866,0.550000000,0.550000000,0.550000000,0.550000000,5,MSOX  270115C00008000
2026-07-06T00:00:00.000000000Z,35,28,687870706,0.480000000,0.480000000,0.470000000,0.470000000,3,MSOX  260717P00003000
2026-07-06T00:00:00.000000000Z,35,22,687865900,0.500000000,0.610000000,0.490000000,0.610000000,35,MSOX  270115C00010000
2026-07-06T00:00:00.000000000Z,35,36,687874242,0.700000000,0.700000000,0.700000000,0.700000000,4,MSOX  260821C00003000
2026-07-06T00:00:00.000000000Z,35,26,687874242,0.540000000,0.570000000,0.540000000,0.570000000,34,MSOX  260821C00003000
2026-07-06T00:00:00.000000000Z,35,21,687866382,0.650000000,0.650000000,0.650000000,0.650000000,30,MSOX  260821P00003000
2026-07-06T00:00:00.000000000Z,35,22,687875770,0.620000000,0.630000000,0.600000000,0.600000000,31,MSOX  270115C00009000
2026-07-06T00:00:00.000000000Z,35,23,687868757,0.200000000,0.200000000,0.200000000,0.200000000,1,MSOX  260717C00003000
2026-07-06T00:00:00.000000000Z,35,35,687870392,0.030000000,0.030000000,0.030000000,0.030000000,2,MSOX  260821C00007000
2026-07-06T00:00:00.000000000Z,35,34,687868757,0.200000000,0.200000000,0.200000000,0.200000000,1,MSOX  260717C00003000
2026-07-06T00:00:00.000000000Z,35,61,687868355,0.200000000,0.200000000,0.200000000,0.200000000,30,MSOX  260821C00005000
2026-07-06T00:00:00.000000000Z,35,21,687874242,0.500000000,0.500000000,0.500000000,0.500000000,50,MSOX  260821C00003000
2026-07-06T00:00:00.000000000Z,35,61,687868757,0.150000000,0.150000000,0.150000000,0.150000000,3,MSOX  260717C00003000
2026-07-06T00:00:00.000000000Z,35,21,687869866,0.600000000,0.600000000,0.600000000,0.600000000,20,MSOX  270115C00008000
2026-07-07T00:00:00.000000000Z,35,34,687875888,1.420000000,1.420000000,1.420000000,1.420000000,4,MSOX  270115P00003000
2026-07-07T00:00:00.000000000Z,35,28,687866936,0.680000000,0.680000000,0.680000000,0.680000000,12,MSOX  260717C00002000
2026-07-07T00:00:00.000000000Z,35,31,687866378,0.150000000,0.150000000,0.150000000,0.150000000,4,MSOX  260821C00005000
2026-07-07T00:00:00.000000000Z,35,28,687868353,0.220000000,0.220000000,0.220000000,0.220000000,1,MSOX  260821C00010000
2026-07-07T00:00:00.000000000Z,35,37,687867898,1.900000000,1.900000000,1.900000000,1.900000000,1,MSOX  270115C00001000
2026-07-07T00:00:00.000000000Z,35,21,687876336,0.850000000,0.850000000,0.850000000,0.850000000,15,MSOX  260821P00003000
2026-07-07T00:00:00.000000000Z,35,37,687876844,0.150000000,0.150000000,0.150000000,0.150000000,61,MSOX  260717C00003000
2026-07-07T00:00:00.000000000Z,35,61,687868899,0.450000000,0.450000000,0.450000000,0.450000000,4,MSOX  260717P00003000
2026-07-07T00:00:00.000000000Z,35,21,687868371,0.400000000,0.400000000,0.400000000,0.400000000,10,MSOX  260821C00003000
2026-07-07T00:00:00.000000000Z,35,31,687870861,0.050000000,0.050000000,0.050000000,0.050000000,10,MSOX  260717C00004000
2026-07-07T00:00:00.000000000Z,35,26,687872359,0.850000000,0.850000000,0.850000000,0.850000000,1,MSOX  260821C00002000
2026-07-07T00:00:00.000000000Z,35,21,687871877,1.000000000,1.000000000,1.000000000,1.000000000,3,MSOX  270115C00003000
2026-07-07T00:00:00.000000000Z,35,28,687866423,0.220000000,0.220000000,0.220000000,0.220000000,1,MSOX  260821C00013000
2026-07-07T00:00:00.000000000Z,35,34,687871877,1.090000000,1.090000000,1.090000000,1.090000000,4,MSOX  270115C00003000
2026-07-07T00:00:00.000000000Z,35,28,687868899,0.480000000,0.480000000,0.480000000,0.480000000,4,MSOX  260717P00003000
2026-07-07T00:00:00.000000000Z,35,20,687868371,0.400000000,0.490000000,0.400000000,0.490000000,11,MSOX  260821C00003000
2026-07-07T00:00:00.000000000Z,35,20,687867943,0.350000000,0.380000000,0.350000000,0.380000000,5,MSOX  270115C00011000
2026-07-07T00:00:00.000000000Z,35,37,687870348,0.100000000,0.100000000,0.100000000,0.100000000,1,MSOX  260821C00006000
2026-07-07T00:00:00.000000000Z,35,27,687868371,0.470000000,0.470000000,0.470000000,0.470000000,20,MSOX  260821C00003000
2026-07-07T00:00:00.000000000Z,35,29,687873843,0.800000000,0.800000000,0.800000000,0.800000000,16,MSOX  270115C00007000
2026-07-07T00:00:00.000000000Z,35,22,687867943,0.340000000,0.380000000,0.340000000,0.380000000,21,MSOX  270115C00011000
2026-07-07T00:00:00.000000000Z,35,20,687876841,0.080000000,0.080000000,0.080000000,0.080000000,1,MSOX  260717C00005000
2026-07-07T00:00:00.000000000Z,35,35,687874298,0.240000000,0.240000000,0.240000000,0.240000000,1,MSOX  260821C00015000
2026-07-07T00:00:00.000000000Z,35,22,687876841,0.030000000,0.030000000,0.030000000,0.030000000,54,MSOX  260717C00005000
2026-07-07T00:00:00.000000000Z,35,37,687866936,0.750000000,0.750000000,0.750000000,0.750000000,1,MSOX  260717C00002000
2026-07-07T00:00:00.000000000Z,35,35,687868371,0.450000000,0.450000000,0.450000000,0.450000000,57,MSOX  260821C00003000
2026-07-07T00:00:00.000000000Z,35,25,687868371,0.450000000,0.450000000,0.450000000,0.450000000,31,MSOX  260821C00003000
2026-07-07T00:00:00.000000000Z,35,37,687865932,0.400000000,0.400000000,0.400000000,0.400000000,1,MSOX  270115C00010000
2026-07-07T00:00:00.000000000Z,35,29,687868371,0.450000000,0.450000000,0.450000000,0.450000000,1,MSOX  260821C00003000
2026-07-07T00:00:00.000000000Z,35,36,687868371,0.400000000,0.400000000,0.400000000,0.400000000,41,MSOX  260821C00003000
2026-07-07T00:00:00.000000000Z,35,35,687867943,0.300000000,0.300000000,0.300000000,0.300000000,1,MSOX  270115C00011000
2026-07-07T00:00:00.000000000Z,35,35,687866423,0.220000000,0.220000000,0.220000000,0.220000000,1,MSOX  260821C00013000
2026-07-07T00:00:00.000000000Z,35,35,687868899,0.450000000,0.450000000,0.450000000,0.450000000,1,MSOX  260717P00003000
2026-07-07T00:00:00.000000000Z,35,32,687868371,0.450000000,0.450000000,0.450000000,0.450000000,29,MSOX  260821C00003000
2026-07-07T00:00:00.000000000Z,35,37,687869886,0.700000000,0.700000000,0.700000000,0.700000000,10,MSOX  270115P00002000
2026-07-07T00:00:00.000000000Z,35,37,687866378,0.150000000,0.150000000,0.150000000,0.150000000,96,MSOX  260821C00005000
2026-07-07T00:00:00.000000000Z,35,28,687876844,0.160000000,0.200000000,0.150000000,0.200000000,63,MSOX  260717C00003000
2026-07-07T00:00:00.000000000Z,35,26,687867943,0.300000000,0.300000000,0.300000000,0.300000000,2,MSOX  270115C00011000
2026-07-07T00:00:00.000000000Z,35,20,687866389,0.280000000,0.280000000,0.200000000,0.200000000,3,MSOX  260821C00004000
2026-07-07T00:00:00.000000000Z,35,22,687865932,0.460000000,0.480000000,0.450000000,0.480000000,21,MSOX  270115C00010000
2026-07-07T00:00:00.000000000Z,35,35,687867898,1.900000000,1.900000000,1.900000000,1.900000000,1,MSOX  270115C00001000
2026-07-07T00:00:00.000000000Z,35,28,687868371,0.420000000,0.420000000,0.420000000,0.420000000,10,MSOX  260821C00003000
2026-07-07T00:00:00.000000000Z,35,35,687866378,0.150000000,0.150000000,0.150000000,0.150000000,15,MSOX  260821C00005000
2026-07-07T00:00:00.000000000Z,35,26,687876844,0.140000000,0.150000000,0.140000000,0.150000000,101,MSOX  260717C00003000
2026-07-07T00:00:00.000000000Z,35,28,687866389,0.240000000,0.240000000,0.240000000,0.240000000,5,MSOX  260821C00004000
2026-07-07T00:00:00.000000000Z,35,36,687874344,0.100000000,0.100000000,0.100000000,0.100000000,5,MSOX  260821C00007000
2026-07-07T00:00:00.000000000Z,35,35,687865932,0.400000000,0.400000000,0.400000000,0.400000000,1,MSOX  270115C00010000
2026-07-07T00:00:00.000000000Z,35,31,687866389,0.250000000,0.250000000,0.250000000,0.250000000,4,MSOX  260821C00004000
2026-07-07T00:00:00.000000000Z,35,31,687869886,0.700000000,0.700000000,0.700000000,0.700000000,1,MSOX  270115P00002000
2026-07-07T00:00:00.000000000Z,35,20,687865932,0.450000000,0.480000000,0.450000000,0.480000000,5,MSOX  270115C00010000
2026-07-07T00:00:00.000000000Z,35,37,687872359,0.900000000,0.900000000,0.900000000,0.900000000,1,MSOX  260821C00002000
2026-07-07T00:00:00.000000000Z,35,35,687866936,0.710000000,0.710000000,0.710000000,0.710000000,1,MSOX  260717C00002000
2026-07-07T00:00:00.000000000Z,35,35,687868353,0.220000000,0.220000000,0.220000000,0.220000000,1,MSOX  260821C00010000
2026-07-07T00:00:00.000000000Z,35,24,687876844,0.150000000,0.160000000,0.150000000,0.160000000,11,MSOX  260717C00003000
2026-07-07T00:00:00.000000000Z,35,37,687868371,0.450000000,0.450000000,0.450000000,0.450000000,3,MSOX  260821C00003000
2026-07-07T00:00:00.000000000Z,35,31,687872359,0.850000000,0.850000000,0.850000000,0.850000000,1,MSOX  260821C00002000
2026-07-07T00:00:00.000000000Z,35,26,687865932,0.400000000,0.400000000,0.400000000,0.400000000,2,MSOX  270115C00010000
2026-07-07T00:00:00.000000000Z,35,22,687876844,0.110000000,0.200000000,0.110000000,0.160000000,13,MSOX  260717C00003000
2026-07-07T00:00:00.000000000Z,35,35,687876844,0.200000000,0.200000000,0.200000000,0.200000000,1,MSOX  260717C00003000
2026-07-07T00:00:00.000000000Z,35,37,687865968,0.150000000,0.150000000,0.150000000,0.150000000,6,MSOX  270115C00023000
2026-07-08T00:00:00.000000000Z,35,20,687869951,0.420000000,0.420000000,0.420000000,0.420000000,12,MSOX  270115C00011000
2026-07-08T00:00:00.000000000Z,35,61,687874327,0.300000000,0.300000000,0.300000000,0.300000000,28,MSOX  260821C00004000
2026-07-08T00:00:00.000000000Z,35,35,687873893,0.800000000,0.800000000,0.800000000,0.800000000,3,MSOX  270115C00005000
2026-07-08T00:00:00.000000000Z,35,22,687869951,0.370000000,0.380000000,0.370000000,0.380000000,33,MSOX  270115C00011000
2026-07-08T00:00:00.000000000Z,35,29,687874327,0.300000000,0.300000000,0.300000000,0.300000000,6,MSOX  260821C00004000
2026-07-08T00:00:00.000000000Z,35,31,687868937,0.150000000,0.150000000,0.150000000,0.150000000,205,MSOX  260717C00003000
2026-07-08T00:00:00.000000000Z,35,31,687870408,0.500000000,0.500000000,0.400000000,0.400000000,2,MSOX  260821C00003000
2026-07-08T00:00:00.000000000Z,35,20,687873866,0.430000000,0.430000000,0.430000000,0.430000000,12,MSOX  270115C00010000
2026-07-08T00:00:00.000000000Z,35,37,687876348,0.850000000,0.850000000,0.850000000,0.850000000,50,MSOX  260821C00002000
2026-07-08T00:00:00.000000000Z,35,35,687868937,0.170000000,0.170000000,0.160000000,0.160000000,56,MSOX  260717C00003000
2026-07-08T00:00:00.000000000Z,35,22,687875626,1.480000000,1.480000000,1.480000000,1.480000000,75,MSOX  270219P00003000
2026-07-08T00:00:00.000000000Z,35,26,687868937,0.100000000,0.150000000,0.100000000,0.150000000,105,MSOX  260717C00003000
2026-07-08T00:00:00.000000000Z,35,21,687874327,0.300000000,0.300000000,0.300000000,0.300000000,28,MSOX  260821C00004000
2026-07-08T00:00:00.000000000Z,35,28,687866974,0.040000000,0.040000000,0.040000000,0.040000000,1,MSOX  260717C00004000
2026-07-08T00:00:00.000000000Z,35,20,687868937,0.150000000,0.150000000,0.150000000,0.150000000,1,MSOX  260717C00003000
2026-07-08T00:00:00.000000000Z,35,26,687870408,0.400000000,0.400000000,0.400000000,0.400000000,1,MSOX  260821C00003000
2026-07-08T00:00:00.000000000Z,35,26,687875890,0.700000000,0.700000000,0.700000000,0.700000000,3,MSOX  270115P00002000
2026-07-08T00:00:00.000000000Z,35,31,687874327,0.250000000,0.250000000,0.250000000,0.250000000,10,MSOX  260821C00004000
2026-07-08T00:00:00.000000000Z,35,28,687876348,0.840000000,0.840000000,0.840000000,0.840000000,10,MSOX  260821C00002000
2026-07-08T00:00:00.000000000Z,35,24,687868937,0.140000000,0.140000000,0.140000000,0.140000000,2,MSOX  260717C00003000
2026-07-08T00:00:00.000000000Z,35,31,687874964,0.650000000,0.650000000,0.650000000,0.650000000,10,MSOX  260717C00002000
2026-07-08T00:00:00.000000000Z,35,21,687876348,0.950000000,0.950000000,0.950000000,0.950000000,50,MSOX  260821C00002000
2026-07-08T00:00:00.000000000Z,35,35,687874964,0.780000000,0.780000000,0.780000000,0.780000000,1,MSOX  260717C00002000
2026-07-08T00:00:00.000000000Z,35,20,687870408,0.350000000,0.350000000,0.350000000,0.350000000,1,MSOX  260821C00003000
2026-07-08T00:00:00.000000000Z,35,36,687868937,0.130000000,0.150000000,0.130000000,0.150000000,10,MSOX  260717C00003000
2026-07-08T00:00:00.000000000Z,35,35,687872321,0.210000000,0.210000000,0.210000000,0.210000000,1,MSOX  260821P00002000
2026-07-08T00:00:00.000000000Z,35,37,687871931,1.900000000,1.900000000,1.900000000,1.900000000,1,MSOX  270115C00001000
2026-07-08T00:00:00.000000000Z,35,61,687873866,0.400000000,0.400000000,0.400000000,0.400000000,1,MSOX  270115C00010000
2026-07-08T00:00:00.000000000Z,35,22,704649966,1.980000000,1.980000000,1.980000000,1.980000000,75,MSOX  261120P00004000
2026-07-08T00:00:00.000000000Z,35,37,687868937,0.150000000,0.150000000,0.150000000,0.150000000,1,MSOX  260717C00003000
2026-07-08T00:00:00.000000000Z,35,33,687874327,0.300000000,0.300000000,0.300000000,0.300000000,5,MSOX  260821C00004000
2026-07-08T00:00:00.000000000Z,35,28,687870408,0.480000000,0.480000000,0.480000000,0.480000000,2,MSOX  260821C00003000
2026-07-08T00:00:00.000000000Z,35,20,687866974,0.090000000,0.090000000,0.090000000,0.090000000,1,MSOX  260717C00004000
2026-07-08T00:00:00.000000000Z,35,20,687870983,0.410000000,0.410000000,0.410000000,0.410000000,1,MSOX  260717P00003000
2026-07-08T00:00:00.000000000Z,35,22,687873866,0.380000000,0.390000000,0.380000000,0.390000000,33,MSOX  270115C00010000
2026-07-08T00:00:00.000000000Z,35,35,687868404,0.040000000,0.040000000,0.040000000,0.040000000,1,MSOX  260821C00023000
2026-07-08T00:00:00.000000000Z,35,31,687876348,0.850000000,0.850000000,0.850000000,0.850000000,10,MSOX  260821C00002000
2026-07-08T00:00:00.000000000Z,35,27,687870983,0.450000000,0.450000000,0.450000000,0.450000000,5,MSOX  260717P00003000
2026-07-08T00:00:00.000000000Z,35,31,687875890,0.700000000,0.700000000,0.700000000,0.700000000,1,MSOX  270115P00002000
2026-07-08T00:00:00.000000000Z,35,37,687874327,0.300000000,0.300000000,0.300000000,0.300000000,28,MSOX  260821C00004000
2026-07-08T00:00:00.000000000Z,35,28,687868937,0.160000000,0.160000000,0.160000000,0.160000000,20,MSOX  260717C00003000
2026-07-08T00:00:00.000000000Z,35,21,687870983,0.450000000,0.450000000,0.450000000,0.450000000,5,MSOX  260717P00003000
2026-07-08T00:00:00.000000000Z,35,35,687874327,0.250000000,0.250000000,0.250000000,0.250000000,45,MSOX  260821C00004000
2026-07-08T00:00:00.000000000Z,35,37,687874964,0.750000000,0.750000000,0.750000000,0.750000000,10,MSOX  260717C00002000
2026-07-08T00:00:00.000000000Z,35,26,687876348,0.850000000,0.850000000,0.800000000,0.800000000,2,MSOX  260821C00002000
2026-07-09T00:00:00.000000000Z,35,28,687873881,0.480000000,0.570000000,0.480000000,0.570000000,3,MSOX  270115C00010000
2026-07-09T00:00:00.000000000Z,35,27,687874865,0.140000000,0.140000000,0.140000000,0.140000000,2,MSOX  260717C00003000
2026-07-09T00:00:00.000000000Z,35,26,687866369,1.600000000,1.600000000,1.600000000,1.600000000,1,MSOX  260821P00004000
2026-07-09T00:00:00.000000000Z,35,22,687873881,0.490000000,0.580000000,0.490000000,0.580000000,37,MSOX  270115C00010000
2026-07-09T00:00:00.000000000Z,35,37,687872352,0.200000000,0.200000000,0.200000000,0.200000000,5,MSOX  260821P00002000
2026-07-09T00:00:00.000000000Z,35,36,687874373,0.120000000,0.120000000,0.120000000,0.120000000,1,MSOX  260821C00006000
2026-07-09T00:00:00.000000000Z,35,20,704643800,1.600000000,1.600000000,1.600000000,1.600000000,1,MSOX  260918C00001000
2026-07-09T00:00:00.000000000Z,35,28,704645468,0.660000000,0.660000000,0.660000000,0.660000000,5,MSOX  261218P00002000
2026-07-09T00:00:00.000000000Z,35,26,687868351,0.900000000,0.900000000,0.900000000,0.900000000,1,MSOX  260821C00002000
2026-07-09T00:00:00.000000000Z,35,28,687865972,0.370000000,0.470000000,0.370000000,0.470000000,3,MSOX  270115C00011000
2026-07-09T00:00:00.000000000Z,35,31,687876388,0.250000000,0.250000000,0.250000000,0.250000000,10,MSOX  260821C00004000
2026-07-09T00:00:00.000000000Z,35,26,687872352,0.200000000,0.200000000,0.200000000,0.200000000,1,MSOX  260821P00002000
2026-07-09T00:00:00.000000000Z,35,31,687867939,1.300000000,1.300000000,1.300000000,1.300000000,1,MSOX  270115C00002000
2026-07-09T00:00:00.000000000Z,35,31,687876866,0.400000000,0.500000000,0.400000000,0.500000000,20,MSOX  260717P00003000
2026-07-09T00:00:00.000000000Z,35,37,687874865,0.150000000,0.150000000,0.100000000,0.100000000,21,MSOX  260717C00003000
2026-07-09T00:00:00.000000000Z,35,20,687865972,0.490000000,0.490000000,0.490000000,0.490000000,10,MSOX  270115C00011000
2026-07-09T00:00:00.000000000Z,35,28,687867939,1.320000000,1.320000000,1.320000000,1.320000000,1,MSOX  270115C00002000
2026-07-09T00:00:00.000000000Z,35,22,687870337,0.500000000,0.500000000,0.500000000,0.500000000,30,MSOX  260821C00003000
2026-07-09T00:00:00.000000000Z,35,26,687870337,0.450000000,0.450000000,0.450000000,0.450000000,1,MSOX  260821C00003000
2026-07-09T00:00:00.000000000Z,35,26,704650275,0.350000000,0.350000000,0.350000000,0.350000000,1,MSOX  260918C00004000
2026-07-09T00:00:00.000000000Z,35,31,687868351,0.850000000,0.850000000,0.850000000,0.850000000,1,MSOX  260821C00002000
2026-07-09T00:00:00.000000000Z,35,35,687874865,0.060000000,0.060000000,0.060000000,0.060000000,10,MSOX  260717C00003000
2026-07-09T00:00:00.000000000Z,35,37,687876866,0.500000000,0.500000000,0.500000000,0.500000000,5,MSOX  260717P00003000
2026-07-09T00:00:00.000000000Z,35,36,687876330,0.170000000,0.170000000,0.170000000,0.170000000,15,MSOX  260821C00005000
2026-07-09T00:00:00.000000000Z,35,20,687868351,0.900000000,0.900000000,0.900000000,0.900000000,1,MSOX  260821C00002000
2026-07-09T00:00:00.000000000Z,35,22,687865972,0.380000000,0.480000000,0.380000000,0.480000000,37,MSOX  270115C00011000
2026-07-09T00:00:00.000000000Z,35,20,687873881,0.590000000,0.590000000,0.590000000,0.590000000,10,MSOX  270115C00010000
2026-07-09T00:00:00.000000000Z,35,28,687870337,0.470000000,0.470000000,0.470000000,0.470000000,30,MSOX  260821C00003000
2026-07-09T00:00:00.000000000Z,35,31,687870337,0.400000000,0.400000000,0.400000000,0.400000000,5,MSOX  260821C00003000
2026-07-09T00:00:00.000000000Z,35,24,687874865,0.130000000,0.130000000,0.100000000,0.100000000,14,MSOX  260717C00003000
2026-07-09T00:00:00.000000000Z,35,25,687867881,0.200000000,0.200000000,0.200000000,0.200000000,3,MSOX  270115C00023000
2026-07-09T00:00:00.000000000Z,35,61,687868850,0.500000000,0.500000000,0.500000000,0.500000000,1,MSOX  260717C00002000
2026-07-09T00:00:00.000000000Z,35,36,687874865,0.140000000,0.140000000,0.100000000,0.100000000,65,MSOX  260717C00003000
2026-07-09T00:00:00.000000000Z,35,26,687876388,0.200000000,0.200000000,0.200000000,0.200000000,1,MSOX  260821C00004000
2026-07-09T00:00:00.000000000Z,35,24,687876866,0.400000000,0.400000000,0.400000000,0.400000000,10,MSOX  260717P00003000
2026-07-09T00:00:00.000000000Z,35,37,704643800,1.750000000,1.750000000,1.700000000,1.700000000,2,MSOX  260918C00001000
2026-07-10T00:00:00.000000000Z,35,36,687868396,0.090000000,0.090000000,0.090000000,0.090000000,2,MSOX  260821C00006000
2026-07-10T00:00:00.000000000Z,35,22,687868396,0.080000000,0.080000000,0.070000000,0.070000000,6,MSOX  260821C00006000
2026-07-10T00:00:00.000000000Z,35,26,687872321,0.800000000,0.800000000,0.800000000,0.800000000,2,MSOX  260821C00002000
2026-07-10T00:00:00.000000000Z,35,22,687874376,0.100000000,0.100000000,0.100000000,0.100000000,5,MSOX  260821C00005000
2026-07-10T00:00:00.000000000Z,35,24,687868396,0.080000000,0.080000000,0.080000000,0.080000000,1,MSOX  260821C00006000
2026-07-10T00:00:00.000000000Z,35,21,687868874,0.500000000,0.500000000,0.500000000,0.500000000,2,MSOX  260717P00003000
2026-07-10T00:00:00.000000000Z,35,36,687869911,0.150000000,0.150000000,0.150000000,0.150000000,2,MSOX  270115C00023000
2026-07-10T00:00:00.000000000Z,35,21,687872321,0.800000000,0.800000000,0.800000000,0.800000000,1,MSOX  260821C00002000
2026-07-10T00:00:00.000000000Z,35,36,687874376,0.130000000,0.130000000,0.120000000,0.120000000,35,MSOX  260821C00005000
2026-07-10T00:00:00.000000000Z,35,25,687868874,0.450000000,0.450000000,0.450000000,0.450000000,3,MSOX  260717P00003000
2026-07-10T00:00:00.000000000Z,35,35,687872321,0.800000000,0.800000000,0.800000000,0.800000000,1,MSOX  260821C00002000
2026-07-10T00:00:00.000000000Z,35,35,687870940,0.080000000,0.080000000,0.050000000,0.050000000,11,MSOX  260717C00003000
2026-07-10T00:00:00.000000000Z,35,21,687876933,0.640000000,0.640000000,0.640000000,0.640000000,1,MSOX  260717C00002000
2026-07-10T00:00:00.000000000Z,35,20,687870364,0.400000000,0.400000000,0.400000000,0.400000000,1,MSOX  260821C00003000
2026-07-10T00:00:00.000000000Z,35,20,687872321,0.800000000,0.800000000,0.800000000,0.800000000,1,MSOX  260821C00002000
2026-07-10T00:00:00.000000000Z,35,28,704649404,1.690000000,1.690000000,1.690000000,1.690000000,2,MSOX  260918C00001000
2026-07-10T00:00:00.000000000Z,35,37,704649404,1.600000000,1.700000000,1.600000000,1.700000000,4,MSOX  260918C00001000
2026-07-10T00:00:00.000000000Z,35,31,687875939,0.650000000,0.700000000,0.650000000,0.700000000,186,MSOX  270115C00005000
2026-07-10T00:00:00.000000000Z,35,28,687870940,0.080000000,0.080000000,0.050000000,0.080000000,66,MSOX  260717C00003000
2026-07-10T00:00:00.000000000Z,35,20,687868874,0.450000000,0.450000000,0.360000000,0.360000000,7,MSOX  260717P00003000
2026-07-10T00:00:00.000000000Z,35,61,687869311,1.200000000,1.200000000,1.100000000,1.100000000,2,MSOX  270219C00003000
2026-07-10T00:00:00.000000000Z,35,29,687872321,0.850000000,0.850000000,0.850000000,0.850000000,10,MSOX  260821C00002000
2026-07-10T00:00:00.000000000Z,35,20,687866427,0.660000000,0.660000000,0.660000000,0.660000000,2,MSOX  260821P00003000
2026-07-10T00:00:00.000000000Z,35,26,687868874,0.450000000,0.450000000,0.450000000,0.450000000,1,MSOX  260717P00003000
2026-07-10T00:00:00.000000000Z,35,33,687870364,0.350000000,0.350000000,0.350000000,0.350000000,1,MSOX  260821C00003000
2026-07-10T00:00:00.000000000Z,35,35,687870364,0.400000000,0.400000000,0.370000000,0.380000000,15,MSOX  260821C00003000
2026-07-10T00:00:00.000000000Z,35,20,687870940,0.100000000,0.100000000,0.100000000,0.100000000,2,MSOX  260717C00003000
2026-07-10T00:00:00.000000000Z,35,31,687876933,0.600000000,0.600000000,0.600000000,0.600000000,1,MSOX  260717C00002000
2026-07-10T00:00:00.000000000Z,35,36,687874874,0.020000000,0.020000000,0.020000000,0.020000000,20,MSOX  260717P00002000
2026-07-10T00:00:00.000000000Z,35,24,687866427,0.720000000,0.720000000,0.720000000,0.720000000,1,MSOX  260821P00003000
2026-07-10T00:00:00.000000000Z,35,24,687870940,0.070000000,0.070000000,0.070000000,0.070000000,1,MSOX  260717C00003000
2026-07-10T00:00:00.000000000Z,35,24,687869911,0.120000000,0.120000000,0.120000000,0.120000000,2,MSOX  270115C00023000
2026-07-10T00:00:00.000000000Z,35,37,704647601,0.550000000,0.550000000,0.550000000,0.550000000,51,MSOX  261120C00005000
2026-07-10T00:00:00.000000000Z,35,37,704646656,0.300000000,0.300000000,0.300000000,0.300000000,20,MSOX  260918C00005000
2026-07-10T00:00:00.000000000Z,35,37,687870364,0.400000000,0.400000000,0.350000000,0.350000000,51,MSOX  260821C00003000
2026-07-10T00:00:00.000000000Z,35,36,687874936,0.050000000,0.050000000,0.050000000,0.050000000,20,MSOX  260717C00004000
2026-07-10T00:00:00.000000000Z,35,61,687868874,0.450000000,0.450000000,0.450000000,0.450000000,4,MSOX  260717P00003000
2026-07-10T00:00:00.000000000Z,35,26,687870940,0.080000000,0.080000000,0.080000000,0.080000000,1,MSOX  260717C00003000
2026-07-10T00:00:00.000000000Z,35,36,687868874,0.440000000,0.440000000,0.440000000,0.440000000,20,MSOX  260717P00003000
2026-07-10T00:00:00.000000000Z,35,28,687866427,0.720000000,0.720000000,0.720000000,0.720000000,1,MSOX  260821P00003000
2026-07-10T00:00:00.000000000Z,35,29,687876933,0.650000000,0.650000000,0.650000000,0.650000000,1,MSOX  260717C00002000
2026-07-10T00:00:00.000000000Z,35,24,687870364,0.400000000,0.400000000,0.400000000,0.400000000,10,MSOX  260821C00003000
2026-07-10T00:00:00.000000000Z,35,37,687868874,0.450000000,0.450000000,0.450000000,0.450000000,1,MSOX  260717P00003000
2026-07-10T00:00:00.000000000Z,35,31,687873309,0.750000000,0.750000000,0.750000000,0.750000000,1,MSOX  270219C00005000
2026-07-10T00:00:00.000000000Z,35,36,687872321,0.830000000,0.830000000,0.830000000,0.830000000,21,MSOX  260821C00002000
2026-07-10T00:00:00.000000000Z,35,36,687870940,0.090000000,0.090000000,0.090000000,0.090000000,1,MSOX  260717C00003000
2026-07-10T00:00:00.000000000Z,35,26,704649222,0.420000000,0.420000000,0.420000000,0.420000000,1,MSOX  261120C00006000
2026-07-10T00:00:00.000000000Z,35,36,704646656,0.200000000,0.200000000,0.200000000,0.200000000,10,MSOX  260918C00005000
2026-07-10T00:00:00.000000000Z,35,24,687868874,0.440000000,0.450000000,0.440000000,0.450000000,6,MSOX  260717P00003000
2026-07-10T00:00:00.000000000Z,35,22,687870940,0.100000000,0.100000000,0.080000000,0.080000000,3,MSOX  260717C00003000
2026-07-10T00:00:00.000000000Z,35,26,687876933,0.650000000,0.650000000,0.650000000,0.650000000,1,MSOX  260717C00002000
2026-07-10T00:00:00.000000000Z,35,28,687868874,0.440000000,0.450000000,0.440000000,0.450000000,2,MSOX  260717P00003000
2026-07-10T00:00:00.000000000Z,35,26,687870364,0.350000000,0.350000000,0.350000000,0.350000000,1,MSOX  260821C00003000
2026-07-10T00:00:00.000000000Z,35,35,687874358,0.180000000,0.180000000,0.180000000,0.180000000,1,MSOX  260821C00004000
2026-07-10T00:00:00.000000000Z,35,37,687870940,0.100000000,0.100000000,0.100000000,0.100000000,22,MSOX  260717C00003000
2026-07-10T00:00:00.000000000Z,35,37,687872321,0.800000000,0.800000000,0.800000000,0.800000000,2,MSOX  260821C00002000
2026-07-13T00:00:00.000000000Z,35,35,687874759,0.030000000,0.030000000,0.030000000,0.030000000,4,MSOX  260717C00004000
2026-07-13T00:00:00.000000000Z,35,26,687866392,0.950000000,0.950000000,0.950000000,0.950000000,1,MSOX  260821C00002000
2026-07-13T00:00:00.000000000Z,35,28,687872388,1.420000000,1.420000000,1.420000000,1.420000000,209,MSOX  260821P00004000
2026-07-13T00:00:00.000000000Z,35,29,687876759,0.100000000,0.170000000,0.100000000,0.170000000,92,MSOX  260717C00003000
2026-07-13T00:00:00.000000000Z,35,61,687865931,0.350000000,0.350000000,0.350000000,0.350000000,17,MSOX  270115C00010000
2026-07-13T00:00:00.000000000Z,35,26,687874769,0.030000000,0.030000000,0.030000000,0.030000000,700,MSOX  260717P00002000
2026-07-13T00:00:00.000000000Z,35,61,687876759,0.100000000,0.100000000,0.100000000,0.100000000,73,MSOX  260717C00003000
2026-07-13T00:00:00.000000000Z,35,32,687870376,0.200000000,0.200000000,0.200000000,0.200000000,80,MSOX  260821C00004000
2026-07-13T00:00:00.000000000Z,35,21,687876759,0.100000000,0.120000000,0.100000000,0.120000000,98,MSOX  260717C00003000
2026-07-13T00:00:00.000000000Z,35,35,687872388,1.430000000,1.430000000,1.430000000,1.430000000,200,MSOX  260821P00004000
2026-07-13T00:00:00.000000000Z,35,37,687872769,0.300000000,0.300000000,0.300000000,0.300000000,21,MSOX  260717P00003000
2026-07-13T00:00:00.000000000Z,35,36,687868794,0.760000000,0.760000000,0.760000000,0.760000000,5,MSOX  260717C00002000
2026-07-13T00:00:00.000000000Z,35,31,687865932,0.700000000,0.700000000,0.700000000,0.700000000,1,MSOX  270115P00002000
2026-07-13T00:00:00.000000000Z,35,22,687874367,0.370000000,0.370000000,0.370000000,0.370000000,2,MSOX  260821C00003000
2026-07-13T00:00:00.000000000Z,35,28,687872393,0.630000000,0.630000000,0.630000000,0.630000000,5,MSOX  260821P00003000
2026-07-13T00:00:00.000000000Z,35,27,687874367,0.500000000,0.500000000,0.500000000,0.500000000,29,MSOX  260821C00003000
2026-07-13T00:00:00.000000000Z,35,28,687868784,1.250000000,1.250000000,1.250000000,1.250000000,209,MSOX  260717P00004000
2026-07-13T00:00:00.000000000Z,35,37,687876759,0.100000000,0.150000000,0.100000000,0.150000000,61,MSOX  260717C00003000
2026-07-13T00:00:00.000000000Z,35,35,687872393,0.630000000,0.630000000,0.630000000,0.630000000,10,MSOX  260821P00003000
2026-07-13T00:00:00.000000000Z,35,20,687871939,0.480000000,0.480000000,0.480000000,0.480000000,1,MSOX  270115C00009000
2026-07-13T00:00:00.000000000Z,35,22,687876759,0.070000000,0.110000000,0.070000000,0.110000000,166,MSOX  260717C00003000
2026-07-13T00:00:00.000000000Z,35,20,687866392,0.980000000,0.980000000,0.980000000,0.980000000,3,MSOX  260821C00002000
2026-07-13T00:00:00.000000000Z,35,35,687876759,0.050000000,0.100000000,0.050000000,0.100000000,92,MSOX  260717C00003000
2026-07-13T00:00:00.000000000Z,35,61,687874759,0.050000000,0.050000000,0.050000000,0.050000000,10,MSOX  260717C00004000
2026-07-13T00:00:00.000000000Z,35,37,687874367,0.400000000,0.500000000,0.400000000,0.500000000,163,MSOX  260821C00003000
2026-07-13T00:00:00.000000000Z,35,35,687868784,1.230000000,1.230000000,1.230000000,1.230000000,200,MSOX  260717P00004000
2026-07-13T00:00:00.000000000Z,35,28,687867935,1.420000000,1.420000000,1.420000000,1.420000000,50,MSOX  270115P00003000
2026-07-13T00:00:00.000000000Z,35,20,687876759,0.100000000,0.150000000,0.100000000,0.100000000,66,MSOX  260717C00003000
2026-07-13T00:00:00.000000000Z,35,24,687876759,0.100000000,0.100000000,0.100000000,0.100000000,93,MSOX  260717C00003000
2026-07-13T00:00:00.000000000Z,35,27,687870376,0.180000000,0.180000000,0.180000000,0.180000000,10,MSOX  260821C00004000
2026-07-13T00:00:00.000000000Z,35,37,704643606,1.750000000,1.900000000,1.700000000,1.900000000,7,MSOX  260918C00001000
2026-07-13T00:00:00.000000000Z,35,25,687872388,1.500000000,1.500000000,1.500000000,1.500000000,2,MSOX  260821P00004000
2026-07-13T00:00:00.000000000Z,35,33,687876759,0.100000000,0.100000000,0.100000000,0.100000000,15,MSOX  260717C00003000
2026-07-13T00:00:00.000000000Z,35,27,687874769,0.050000000,0.050000000,0.050000000,0.050000000,100,MSOX  260717P00002000
2026-07-13T00:00:00.000000000Z,35,31,687876759,0.100000000,0.100000000,0.100000000,0.100000000,70,MSOX  260717C00003000
2026-07-13T00:00:00.000000000Z,35,35,687866430,0.130000000,0.130000000,0.130000000,0.130000000,5,MSOX  260821P00002000
2026-07-13T00:00:00.000000000Z,35,28,687874759,0.030000000,0.030000000,0.030000000,0.030000000,30,MSOX  260717C00004000
2026-07-13T00:00:00.000000000Z,35,20,687868794,0.800000000,0.800000000,0.800000000,0.800000000,1,MSOX  260717C00002000
2026-07-13T00:00:00.000000000Z,35,22,687866437,0.730000000,0.730000000,0.730000000,0.730000000,4,MSOX  260821C00020000
2026-07-13T00:00:00.000000000Z,35,24,687870386,0.100000000,0.100000000,0.100000000,0.100000000,10,MSOX  260821C00005000
2026-07-13T00:00:00.000000000Z,35,29,687873924,1.200000000,1.200000000,1.200000000,1.200000000,50,MSOX  270115C00003000
2026-07-13T00:00:00.000000000Z,35,28,687876759,0.050000000,0.100000000,0.050000000,0.080000000,646,MSOX  260717C00003000
2026-07-13T00:00:00.000000000Z,35,37,687865931,0.350000000,0.400000000,0.350000000,0.400000000,11,MSOX  270115C00010000
2026-07-13T00:00:00.000000000Z,35,32,687876759,0.090000000,0.100000000,0.090000000,0.100000000,7,MSOX  260717C00003000
2026-07-13T00:00:00.000000000Z,35,20,687872769,0.300000000,0.300000000,0.300000000,0.300000000,10,MSOX  260717P00003000
2026-07-13T00:00:00.000000000Z,35,28,687868794,0.670000000,0.850000000,0.670000000,0.850000000,39,MSOX  260717C00002000
2026-07-13T00:00:00.000000000Z,35,37,687870376,0.250000000,0.250000000,0.250000000,0.250000000,2,MSOX  260821C00004000
2026-07-13T00:00:00.000000000Z,35,61,687872769,0.350000000,0.350000000,0.300000000,0.300000000,11,MSOX  260717P00003000
2026-07-13T00:00:00.000000000Z,35,22,687874371,1.040000000,1.040000000,1.040000000,1.040000000,4,MSOX  260821C00010000
2026-07-13T00:00:00.000000000Z,35,22,687876364,1.920000000,1.920000000,1.920000000,1.920000000,4,MSOX  260821C00001000
2026-07-13T00:00:00.000000000Z,35,23,687876759,0.100000000,0.100000000,0.100000000,0.100000000,27,MSOX  260717C00003000
2026-07-13T00:00:00.000000000Z,35,36,687866392,0.830000000,0.830000000,0.830000000,0.830000000,8,MSOX  260821C00002000
2026-07-13T00:00:00.000000000Z,35,28,704646101,0.800000000,0.800000000,0.800000000,0.800000000,1,MSOX  261016C00003000
2026-07-13T00:00:00.000000000Z,35,28,687872769,0.300000000,0.300000000,0.300000000,0.300000000,15,MSOX  260717P00003000
2026-07-13T00:00:00.000000000Z,35,35,687874367,0.400000000,0.500000000,0.360000000,0.400000000,7,MSOX  260821C00003000
2026-07-13T00:00:00.000000000Z,35,26,687870376,0.200000000,0.200000000,0.200000000,0.200000000,20,MSOX  260821C00004000
2026-07-13T00:00:00.000000000Z,35,26,687876759,0.100000000,0.100000000,0.100000000,0.100000000,20,MSOX  260717C00003000
2026-07-13T00:00:00.000000000Z,35,26,687866430,0.150000000,0.150000000,0.150000000,0.150000000,500,MSOX  260821P00002000
2026-07-13T00:00:00.000000000Z,35,61,687874367,0.450000000,0.450000000,0.450000000,0.450000000,20,MSOX  260821C00003000
2026-07-13T00:00:00.000000000Z,35,20,687874367,0.500000000,0.500000000,0.500000000,0.500000000,6,MSOX  260821C00003000
2026-07-13T00:00:00.000000000Z,35,34,687876759,0.100000000,0.100000000,0.100000000,0.100000000,6,MSOX  260717C00003000
2026-07-13T00:00:00.000000000Z,35,22,687866392,1.230000000,1.230000000,0.820000000,0.820000000,6,MSOX  260821C00002000
2026-07-13T00:00:00.000000000Z,35,25,687874367,0.350000000,0.350000000,0.350000000,0.350000000,1,MSOX  260821C00003000
2026-07-13T00:00:00.000000000Z,35,25,687876759,0.050000000,0.100000000,0.050000000,0.100000000,69,MSOX  260717C00003000
2026-07-13T00:00:00.000000000Z,35,29,687874367,0.450000000,0.450000000,0.450000000,0.450000000,1,MSOX  260821C00003000
2026-07-13T00:00:00.000000000Z,35,21,687869950,3.100000000,3.100000000,3.100000000,3.100000000,1,MSOX  270115P00005000
2026-07-13T00:00:00.000000000Z,35,28,687874367,0.450000000,0.500000000,0.450000000,0.500000000,59,MSOX  260821C00003000
2026-07-13T00:00:00.000000000Z,35,20,687867937,0.420000000,0.420000000,0.420000000,0.420000000,1,MSOX  270115C00011000
2026-07-13T00:00:00.000000000Z,35,36,687876759,0.070000000,0.110000000,0.070000000,0.100000000,222,MSOX  260717C00003000
2026-07-13T00:00:00.000000000Z,35,26,687872769,0.280000000,0.280000000,0.280000000,0.280000000,705,MSOX  260717P00003000
2026-07-13T00:00:00.000000000Z,35,31,687874994,0.850000000,0.850000000,0.850000000,0.850000000,1,MSOX  270219C00005000
2026-07-14T00:00:00.000000000Z,35,28,687867377,0.100000000,0.110000000,0.070000000,0.110000000,103,MSOX  260717C00003000
2026-07-14T00:00:00.000000000Z,35,28,687875343,0.760000000,0.820000000,0.760000000,0.820000000,3,MSOX  260717C00002000
2026-07-14T00:00:00.000000000Z,35,21,687875343,0.650000000,0.650000000,0.650000000,0.650000000,1,MSOX  260717C00002000
2026-07-14T00:00:00.000000000Z,35,33,687867377,0.100000000,0.100000000,0.100000000,0.100000000,5,MSOX  260717C00003000
2026-07-14T00:00:00.000000000Z,35,25,687867377,0.100000000,0.100000000,0.100000000,0.100000000,1,MSOX  260717C00003000
2026-07-14T00:00:00.000000000Z,35,24,687866680,0.610000000,0.610000000,0.610000000,0.610000000,5,MSOX  260821P00003000
2026-07-14T00:00:00.000000000Z,35,26,687866680,0.640000000,0.640000000,0.640000000,0.640000000,5,MSOX  260821P00003000
2026-07-14T00:00:00.000000000Z,35,35,687875343,0.760000000,0.830000000,0.760000000,0.790000000,17,MSOX  260717C00002000
2026-07-14T00:00:00.000000000Z,35,28,687868698,0.910000000,0.910000000,0.910000000,0.910000000,1,MSOX  260821C00002000
2026-07-14T00:00:00.000000000Z,35,28,687874718,0.130000000,0.130000000,0.130000000,0.130000000,45,MSOX  260821C00005000
2026-07-14T00:00:00.000000000Z,35,37,704644080,0.600000000,0.600000000,0.600000000,0.600000000,5,MSOX  261218P00002000
2026-07-14T00:00:00.000000000Z,35,35,704647208,0.240000000,0.240000000,0.240000000,0.240000000,5,MSOX  260918P00002000
2026-07-14T00:00:00.000000000Z,35,37,704650237,1.750000000,1.850000000,1.750000000,1.850000000,13,MSOX  260918C00001000
2026-07-14T00:00:00.000000000Z,35,27,704647208,0.260000000,0.260000000,0.260000000,0.260000000,5,MSOX  260918P00002000
2026-07-14T00:00:00.000000000Z,35,37,687867377,0.100000000,0.150000000,0.100000000,0.150000000,700,MSOX  260717C00003000
2026-07-14T00:00:00.000000000Z,35,35,687877343,0.300000000,0.300000000,0.300000000,0.300000000,3,MSOX  260717P00003000
2026-07-14T00:00:00.000000000Z,35,36,687867377,0.080000000,0.100000000,0.080000000,0.100000000,14,MSOX  260717C00003000
2026-07-14T00:00:00.000000000Z,35,26,687874675,0.250000000,0.250000000,0.250000000,0.250000000,30,MSOX  260821C00004000
2026-07-14T00:00:00.000000000Z,35,36,687871612,0.600000000,0.600000000,0.600000000,0.600000000,50,MSOX  270219P00002000
2026-07-14T00:00:00.000000000Z,35,22,687867377,0.100000000,0.100000000,0.100000000,0.100000000,1,MSOX  260717C00003000
2026-07-14T00:00:00.000000000Z,35,26,687866698,1.450000000,1.450000000,1.450000000,1.450000000,5,MSOX  260821P00004000
2026-07-14T00:00:00.000000000Z,35,35,687874675,0.200000000,0.200000000,0.200000000,0.200000000,10,MSOX  260821C00004000
2026-07-14T00:00:00.000000000Z,35,28,687877343,0.390000000,0.390000000,0.390000000,0.390000000,1,MSOX  260717P00003000
2026-07-14T00:00:00.000000000Z,35,27,687874718,0.140000000,0.140000000,0.140000000,0.140000000,45,MSOX  260821C00005000
2026-07-14T00:00:00.000000000Z,35,28,704650237,1.920000000,1.920000000,1.920000000,1.920000000,4,MSOX  260918C00001000
2026-07-14T00:00:00.000000000Z,35,26,704647208,0.200000000,0.200000000,0.200000000,0.200000000,5,MSOX  260918P00002000
2026-07-14T00:00:00.000000000Z,35,26,687876660,0.400000000,0.450000000,0.400000000,0.450000000,7,MSOX  260821C00003000
2026-07-14T00:00:00.000000000Z,35,31,687867377,0.100000000,0.100000000,0.100000000,0.100000000,270,MSOX  260717C00003000
2026-07-14T00:00:00.000000000Z,35,26,687867377,0.100000000,0.100000000,0.100000000,0.100000000,12,MSOX  260717C00003000
2026-07-14T00:00:00.000000000Z,35,23,687867377,0.100000000,0.100000000,0.100000000,0.100000000,13,MSOX  260717C00003000
2026-07-14T00:00:00.000000000Z,35,37,687877343,0.300000000,0.300000000,0.300000000,0.300000000,10,MSOX  260717P00003000
2026-07-14T00:00:00.000000000Z,35,20,687876660,0.450000000,0.450000000,0.450000000,0.450000000,4,MSOX  260821C00003000
2026-07-14T00:00:00.000000000Z,35,24,687867377,0.100000000,0.100000000,0.100000000,0.100000000,2,MSOX  260717C00003000
2026-07-14T00:00:00.000000000Z,35,35,687876660,0.400000000,0.440000000,0.400000000,0.440000000,15,MSOX  260821C00003000
2026-07-14T00:00:00.000000000Z,35,22,687877343,0.300000000,0.300000000,0.300000000,0.300000000,7,MSOX  260717P00003000
2026-07-14T00:00:00.000000000Z,35,36,687868079,0.600000000,0.600000000,0.600000000,0.600000000,50,MSOX  270115C00006000
2026-07-14T00:00:00.000000000Z,35,28,687876660,0.410000000,0.440000000,0.410000000,0.440000000,26,MSOX  260821C00003000
2026-07-14T00:00:00.000000000Z,35,37,687876660,0.450000000,0.450000000,0.450000000,0.450000000,1,MSOX  260821C00003000
2026-07-14T00:00:00.000000000Z,35,26,687873375,0.050000000,0.050000000,0.050000000,0.050000000,4,MSOX  260717C00004000
2026-07-14T00:00:00.000000000Z,35,29,687867377,0.100000000,0.100000000,0.100000000,0.100000000,3,MSOX  260717C00003000
2026-07-14T00:00:00.000000000Z,35,28,687866680,0.680000000,0.680000000,0.680000000,0.680000000,1,MSOX  260821P00003000
2026-07-14T00:00:00.000000000Z,35,27,687876660,0.440000000,0.440000000,0.440000000,0.440000000,3,MSOX  260821C00003000
2026-07-14T00:00:00.000000000Z,35,35,687867377,0.080000000,0.080000000,0.080000000,0.080000000,1,MSOX  260717C00003000
2026-07-14T00:00:00.000000000Z,35,28,704645292,0.660000000,0.660000000,0.660000000,0.660000000,10,MSOX  260918C00003000
2026-07-15T00:00:00.000000000Z,35,32,687876388,0.150000000,0.150000000,0.150000000,0.150000000,243,MSOX  260821P00002000
2026-07-15T00:00:00.000000000Z,35,36,687866808,0.050000000,0.050000000,0.050000000,0.050000000,1,MSOX  260717C00003000
2026-07-15T00:00:00.000000000Z,35,20,687866388,0.370000000,0.370000000,0.370000000,0.370000000,1,MSOX  260821C00003000
2026-07-15T00:00:00.000000000Z,35,33,687872809,0.350000000,0.350000000,0.350000000,0.350000000,75,MSOX  260717P00003000
2026-07-15T00:00:00.000000000Z,35,21,687876404,0.850000000,0.850000000,0.850000000,0.850000000,1,MSOX  260821C00002000
2026-07-15T00:00:00.000000000Z,35,28,687869526,1.820000000,1.820000000,1.820000000,1.820000000,1,MSOX  260717C00001000
2026-07-15T00:00:00.000000000Z,35,20,687866808,0.050000000,0.050000000,0.050000000,0.050000000,3,MSOX  260717C00003000
2026-07-15T00:00:00.000000000Z,35,21,704643473,0.700000000,0.700000000,0.700000000,0.700000000,1,MSOX  261120C00004000
2026-07-15T00:00:00.000000000Z,35,35,704649852,0.270000000,0.270000000,0.270000000,0.270000000,5,MSOX  260918P00002000
2026-07-15T00:00:00.000000000Z,35,36,704646055,1.700000000,1.700000000,1.700000000,1.700000000,3,MSOX  260918C00001000
2026-07-15T00:00:00.000000000Z,35,27,687866388,0.390000000,0.390000000,0.320000000,0.320000000,70,MSOX  260821C00003000
2026-07-15T00:00:00.000000000Z,35,22,687866808,0.050000000,0.050000000,0.050000000,0.050000000,2,MSOX  260717C00003000
2026-07-15T00:00:00.000000000Z,35,29,687872809,0.350000000,0.350000000,0.350000000,0.350000000,15,MSOX  260717P00003000
2026-07-15T00:00:00.000000000Z,35,36,687872809,0.350000000,0.350000000,0.350000000,0.350000000,7,MSOX  260717P00003000
2026-07-15T00:00:00.000000000Z,35,24,687866808,0.050000000,0.050000000,0.050000000,0.050000000,2,MSOX  260717C00003000
2026-07-15T00:00:00.000000000Z,35,26,687870460,0.200000000,0.200000000,0.200000000,0.200000000,1,MSOX  260821C00004000
2026-07-15T00:00:00.000000000Z,35,22,687872809,0.270000000,0.400000000,0.270000000,0.400000000,3,MSOX  260717P00003000
2026-07-15T00:00:00.000000000Z,35,27,687866808,0.050000000,0.050000000,0.050000000,0.050000000,39,MSOX  260717C00003000
2026-07-15T00:00:00.000000000Z,35,35,687866388,0.400000000,0.400000000,0.400000000,0.400000000,1,MSOX  260821C00003000
2026-07-15T00:00:00.000000000Z,35,37,687876388,0.150000000,0.150000000,0.150000000,0.150000000,57,MSOX  260821P00002000
2026-07-15T00:00:00.000000000Z,35,24,687866388,0.400000000,0.400000000,0.340000000,0.340000000,3,MSOX  260821C00003000
2026-07-15T00:00:00.000000000Z,35,26,687866388,0.450000000,0.450000000,0.310000000,0.350000000,36,MSOX  260821C00003000
2026-07-15T00:00:00.000000000Z,35,24,687876790,0.600000000,0.600000000,0.600000000,0.600000000,5,MSOX  260717C00002000
2026-07-15T00:00:00.000000000Z,35,37,687872809,0.250000000,0.350000000,0.250000000,0.350000000,421,MSOX  260717P00003000
2026-07-15T00:00:00.000000000Z,35,31,687866388,0.400000000,0.400000000,0.400000000,0.400000000,1,MSOX  260821C00003000
2026-07-15T00:00:00.000000000Z,35,37,687876790,0.650000000,0.650000000,0.650000000,0.650000000,1,MSOX  260717C00002000
2026-07-15T00:00:00.000000000Z,35,37,704646048,1.050000000,1.050000000,1.050000000,1.050000000,3,MSOX  261016C00002000
2026-07-15T00:00:00.000000000Z,35,31,687866808,0.100000000,0.100000000,0.050000000,0.050000000,63,MSOX  260717C00003000
2026-07-15T00:00:00.000000000Z,35,20,687876790,0.660000000,0.660000000,0.660000000,0.660000000,3,MSOX  260717C00002000
2026-07-15T00:00:00.000000000Z,35,36,687869964,0.200000000,0.200000000,0.200000000,0.200000000,10,MSOX  270115P00001000
2026-07-15T00:00:00.000000000Z,35,27,687876388,0.160000000,0.170000000,0.150000000,0.150000000,307,MSOX  260821P00002000
2026-07-15T00:00:00.000000000Z,35,26,687869526,1.820000000,1.820000000,1.820000000,1.820000000,1,MSOX  260717C00001000
2026-07-15T00:00:00.000000000Z,35,61,687871963,1.000000000,1.000000000,1.000000000,1.000000000,100,MSOX  270115C00003000
2026-07-15T00:00:00.000000000Z,35,31,687873997,0.700000000,0.700000000,0.700000000,0.700000000,3,MSOX  270115P00002000
2026-07-15T00:00:00.000000000Z,35,35,687870460,0.200000000,0.200000000,0.200000000,0.200000000,1,MSOX  260821C00004000
2026-07-15T00:00:00.000000000Z,35,22,687866388,0.430000000,0.430000000,0.330000000,0.350000000,109,MSOX  260821C00003000
2026-07-15T00:00:00.000000000Z,35,21,687866808,0.050000000,0.050000000,0.050000000,0.050000000,1,MSOX  260717C00003000
2026-07-15T00:00:00.000000000Z,35,25,687872809,0.350000000,0.350000000,0.350000000,0.350000000,9,MSOX  260717P00003000
2026-07-15T00:00:00.000000000Z,35,28,687876388,0.120000000,0.170000000,0.120000000,0.170000000,302,MSOX  260821P00002000
2026-07-15T00:00:00.000000000Z,35,26,687866808,0.090000000,0.090000000,0.090000000,0.090000000,1,MSOX  260717C00003000
2026-07-15T00:00:00.000000000Z,35,28,687872809,0.350000000,0.350000000,0.350000000,0.350000000,3,MSOX  260717P00003000
2026-07-15T00:00:00.000000000Z,35,26,687872405,0.050000000,0.050000000,0.050000000,0.050000000,5,MSOX  260821C00006000
2026-07-15T00:00:00.000000000Z,35,25,687866388,0.450000000,0.450000000,0.450000000,0.450000000,4,MSOX  260821C00003000
2026-07-15T00:00:00.000000000Z,35,29,687876388,0.150000000,0.150000000,0.150000000,0.150000000,1,MSOX  260821P00002000
2026-07-15T00:00:00.000000000Z,35,34,687872809,0.350000000,0.350000000,0.350000000,0.350000000,69,MSOX  260717P00003000
2026-07-15T00:00:00.000000000Z,35,21,687866388,0.300000000,0.300000000,0.300000000,0.300000000,50,MSOX  260821C00003000
2026-07-15T00:00:00.000000000Z,35,61,704646048,1.050000000,1.050000000,1.050000000,1.050000000,2,MSOX  261016C00002000
2026-07-15T00:00:00.000000000Z,35,24,704649852,0.270000000,0.270000000,0.270000000,0.270000000,5,MSOX  260918P00002000
2026-07-15T00:00:00.000000000Z,35,26,704646048,1.150000000,1.150000000,1.150000000,1.150000000,1,MSOX  261016C00002000
2026-07-15T00:00:00.000000000Z,35,34,704646048,1.050000000,1.050000000,1.050000000,1.050000000,1,MSOX  261016C00002000
2026-07-15T00:00:00.000000000Z,35,26,704647304,0.960000000,0.960000000,0.960000000,0.960000000,1,MSOX  260918C00002000
2026-07-15T00:00:00.000000000Z,35,37,687870460,0.150000000,0.150000000,0.150000000,0.150000000,2,MSOX  260821C00004000
2026-07-15T00:00:00.000000000Z,35,22,687868441,0.670000000,0.670000000,0.670000000,0.670000000,11,MSOX  260821P00003000
2026-07-15T00:00:00.000000000Z,35,31,687871963,1.000000000,1.000000000,1.000000000,1.000000000,100,MSOX  270115C00003000
2026-07-15T00:00:00.000000000Z,35,32,687866808,0.040000000,0.040000000,0.040000000,0.040000000,30,MSOX  260717C00003000
2026-07-15T00:00:00.000000000Z,35,24,687872809,0.350000000,0.350000000,0.350000000,0.350000000,5,MSOX  260717P00003000
2026-07-15T00:00:00.000000000Z,35,35,687876790,0.670000000,0.670000000,0.610000000,0.610000000,10,MSOX  260717C00002000
2026-07-15T00:00:00.000000000Z,35,28,687876790,0.650000000,0.650000000,0.600000000,0.600000000,81,MSOX  260717C00002000
2026-07-15T00:00:00.000000000Z,35,37,687868441,0.650000000,0.650000000,0.650000000,0.650000000,10,MSOX  260821P00003000
2026-07-15T00:00:00.000000000Z,35,37,687866388,0.350000000,0.350000000,0.350000000,0.350000000,1,MSOX  260821C00003000
2026-07-15T00:00:00.000000000Z,35,26,687876404,0.850000000,0.850000000,0.820000000,0.820000000,12,MSOX  260821C00002000
2026-07-15T00:00:00.000000000Z,35,37,687866808,0.050000000,0.050000000,0.050000000,0.050000000,5,MSOX  260717C00003000
2026-07-15T00:00:00.000000000Z,35,35,687872809,0.360000000,0.360000000,0.360000000,0.360000000,3,MSOX  260717P00003000
2026-07-15T00:00:00.000000000Z,35,35,687866808,0.100000000,0.100000000,0.050000000,0.050000000,41,MSOX  260717C00003000
2026-07-15T00:00:00.000000000Z,35,28,687866808,0.050000000,0.050000000,0.050000000,0.050000000,2,MSOX  260717C00003000
2026-07-15T00:00:00.000000000Z,35,61,704646055,1.650000000,1.650000000,1.650000000,1.650000000,5,MSOX  260918C00001000
2026-07-15T00:00:00.000000000Z,35,22,704647304,0.940000000,0.980000000,0.940000000,0.980000000,107,MSOX  260918C00002000
2026-07-15T00:00:00.000000000Z,35,35,704646048,1.080000000,1.080000000,1.080000000,1.080000000,6,MSOX  261016C00002000
2026-07-15T00:00:00.000000000Z,35,28,704643473,0.800000000,0.800000000,0.800000000,0.800000000,1,MSOX  261120C00004000
2026-07-15T00:00:00.000000000Z,35,28,704646048,1.000000000,1.000000000,1.000000000,1.000000000,2,MSOX  261016C00002000
2026-07-16T00:00:00.000000000Z,35,36,687870380,0.130000000,0.130000000,0.130000000,0.130000000,10,MSOX  260821C00004000
2026-07-16T00:00:00.000000000Z,35,26,687876367,0.250000000,0.250000000,0.250000000,0.250000000,24,MSOX  260821C00003000
2026-07-16T00:00:00.000000000Z,35,24,687872808,0.430000000,0.430000000,0.430000000,0.430000000,10,MSOX  260717P00003000
2026-07-16T00:00:00.000000000Z,35,26,687872808,0.370000000,0.520000000,0.370000000,0.520000000,41,MSOX  260717P00003000
2026-07-16T00:00:00.000000000Z,35,37,687866401,0.200000000,0.200000000,0.200000000,0.200000000,18,MSOX  260821P00002000
2026-07-16T00:00:00.000000000Z,35,31,687876367,0.250000000,0.250000000,0.250000000,0.250000000,1,MSOX  260821C00003000
2026-07-16T00:00:00.000000000Z,35,35,687876367,0.250000000,0.270000000,0.250000000,0.250000000,25,MSOX  260821C00003000
2026-07-16T00:00:00.000000000Z,35,22,687875870,0.200000000,0.200000000,0.200000000,0.200000000,1,MSOX  270115P00001000
2026-07-16T00:00:00.000000000Z,35,25,687875870,0.200000000,0.200000000,0.200000000,0.200000000,20,MSOX  270115P00001000
2026-07-16T00:00:00.000000000Z,35,22,687874350,1.660000000,1.660000000,1.660000000,1.660000000,1,MSOX  260821C00001000
2026-07-16T00:00:00.000000000Z,35,26,687869975,0.750000000,0.750000000,0.750000000,0.750000000,1,MSOX  270115P00002000
2026-07-16T00:00:00.000000000Z,35,28,687875870,0.200000000,0.200000000,0.200000000,0.200000000,50,MSOX  270115P00001000
2026-07-16T00:00:00.000000000Z,35,24,687868440,0.680000000,0.680000000,0.680000000,0.680000000,10,MSOX  260821P00003000
2026-07-16T00:00:00.000000000Z,35,25,704648415,0.500000000,0.500000000,0.500000000,0.500000000,49,MSOX  261120C00003000
2026-07-16T00:00:00.000000000Z,35,24,704648565,0.300000000,0.300000000,0.300000000,0.300000000,30,MSOX  261016C00003000
2026-07-16T00:00:00.000000000Z,35,36,704648565,0.310000000,0.310000000,0.310000000,0.310000000,9,MSOX  261016C00003000
2026-07-16T00:00:00.000000000Z,35,22,687872381,0.050000000,0.050000000,0.050000000,0.050000000,1,MSOX  260821P00001000
2026-07-16T00:00:00.000000000Z,35,24,687866803,0.430000000,0.430000000,0.430000000,0.430000000,15,MSOX  260717C00002000
2026-07-16T00:00:00.000000000Z,35,26,687870782,0.030000000,0.030000000,0.030000000,0.030000000,1,MSOX  260717C00004000
2026-07-16T00:00:00.000000000Z,35,28,687876744,0.030000000,0.030000000,0.030000000,0.030000000,4,MSOX  260717C00003000
2026-07-16T00:00:00.000000000Z,35,28,687869975,0.820000000,0.820000000,0.820000000,0.820000000,1,MSOX  270115P00002000
2026-07-16T00:00:00.000000000Z,35,21,687865934,0.150000000,0.150000000,0.150000000,0.150000000,7,MSOX  270115C00023000
2026-07-16T00:00:00.000000000Z,35,36,687876367,0.350000000,0.350000000,0.350000000,0.350000000,30,MSOX  260821C00003000
2026-07-16T00:00:00.000000000Z,35,26,704646558,0.870000000,0.870000000,0.870000000,0.870000000,40,MSOX  260918P00003000
2026-07-16T00:00:00.000000000Z,35,37,687870380,0.100000000,0.100000000,0.100000000,0.100000000,2,MSOX  260821C00004000
2026-07-16T00:00:00.000000000Z,35,28,687876367,0.260000000,0.260000000,0.260000000,0.260000000,12,MSOX  260821C00003000
2026-07-16T00:00:00.000000000Z,35,61,687867984,0.900000000,0.900000000,0.900000000,0.900000000,1,MSOX  270115C00003000
2026-07-16T00:00:00.000000000Z,35,37,687866803,0.550000000,0.550000000,0.550000000,0.550000000,16,MSOX  260717C00002000
2026-07-16T00:00:00.000000000Z,35,28,687866803,0.480000000,0.480000000,0.450000000,0.450000000,40,MSOX  260717C00002000
2026-07-16T00:00:00.000000000Z,35,31,687865934,0.150000000,0.150000000,0.150000000,0.150000000,8,MSOX  270115C00023000
2026-07-16T00:00:00.000000000Z,35,22,687869975,0.700000000,0.700000000,0.700000000,0.700000000,2,MSOX  270115P00002000
2026-07-16T00:00:00.000000000Z,35,32,704648565,0.310000000,0.310000000,0.310000000,0.310000000,10,MSOX  261016C00003000
2026-07-16T00:00:00.000000000Z,35,61,704648398,0.250000000,0.250000000,0.250000000,0.250000000,30,MSOX  261120C00004000
2026-07-16T00:00:00.000000000Z,35,35,704648565,0.590000000,0.590000000,0.590000000,0.590000000,1,MSOX  261016C00003000
2026-07-16T00:00:00.000000000Z,35,36,704648415,1.030000000,1.030000000,1.030000000,1.030000000,1,MSOX  261120C00003000
2026-07-16T00:00:00.000000000Z,35,28,687870432,0.050000000,0.050000000,0.050000000,0.050000000,15,MSOX  260821C00005000
2026-07-16T00:00:00.000000000Z,35,24,687875870,0.200000000,0.200000000,0.200000000,0.200000000,29,MSOX  270115P00001000
2026-07-16T00:00:00.000000000Z,35,21,687872808,0.450000000,0.450000000,0.450000000,0.450000000,20,MSOX  260717P00003000
2026-07-16T00:00:00.000000000Z,35,26,687866803,0.550000000,0.550000000,0.550000000,0.550000000,10,MSOX  260717C00002000
2026-07-16T00:00:00.000000000Z,35,37,687876367,0.300000000,0.300000000,0.250000000,0.250000000,2,MSOX  260821C00003000
2026-07-16T00:00:00.000000000Z,35,35,687866803,0.550000000,0.550000000,0.550000000,0.550000000,16,MSOX  260717C00002000
2026-07-16T00:00:00.000000000Z,35,31,687866401,0.200000000,0.200000000,0.200000000,0.200000000,1,MSOX  260821P00002000
2026-07-16T00:00:00.000000000Z,35,35,687867984,0.930000000,0.930000000,0.930000000,0.930000000,1,MSOX  270115C00003000
2026-07-16T00:00:00.000000000Z,35,20,687866803,0.490000000,0.490000000,0.490000000,0.490000000,2,MSOX  260717C00002000
2026-07-16T00:00:00.000000000Z,35,37,704648398,0.250000000,0.250000000,0.250000000,0.250000000,15,MSOX  261120C00004000
2026-07-16T00:00:00.000000000Z,35,37,704648415,1.000000000,1.000000000,1.000000000,1.000000000,19,MSOX  261120C00003000
2026-07-17T00:00:00.000000000Z,35,22,687866822,0.550000000,0.550000000,0.540000000,0.540000000,54,MSOX  260717P00003000
2026-07-17T00:00:00.000000000Z,35,20,687877142,1.640000000,1.640000000,1.640000000,1.640000000,5,MSOX  260717P00004000
2026-07-17T00:00:00.000000000Z,35,37,687874663,0.100000000,0.100000000,0.100000000,0.100000000,88,MSOX  260821C00004000
2026-07-17T00:00:00.000000000Z,35,20,687877162,0.480000000,0.500000000,0.480000000,0.500000000,31,MSOX  260717C00002000
2026-07-17T00:00:00.000000000Z,35,29,687866384,0.200000000,0.200000000,0.200000000,0.200000000,1,MSOX  260821P00002000
2026-07-17T00:00:00.000000000Z,35,24,687874663,0.200000000,0.200000000,0.200000000,0.200000000,13,MSOX  260821C00004000
2026-07-17T00:00:00.000000000Z,35,24,687868497,0.260000000,0.260000000,0.260000000,0.260000000,5,MSOX  260821C00003000
2026-07-17T00:00:00.000000000Z,35,37,687877162,0.450000000,0.500000000,0.450000000,0.500000000,33,MSOX  260717C00002000
2026-07-17T00:00:00.000000000Z,35,28,687876755,0.740000000,0.740000000,0.740000000,0.740000000,50,MSOX  260821P00003000
2026-07-17T00:00:00.000000000Z,35,32,687874663,0.190000000,0.190000000,0.190000000,0.190000000,1,MSOX  260821C00004000
2026-07-17T00:00:00.000000000Z,35,32,687875071,0.020000000,0.020000000,0.020000000,0.020000000,1,MSOX  260717C00003000
2026-07-17T00:00:00.000000000Z,35,20,687866402,0.630000000,0.630000000,0.630000000,0.630000000,1,MSOX  260821C00002000
2026-07-17T00:00:00.000000000Z,35,28,687866384,0.190000000,0.190000000,0.190000000,0.190000000,80,MSOX  260821P00002000
2026-07-17T00:00:00.000000000Z,35,22,704650267,0.440000000,0.440000000,0.440000000,0.440000000,1,MSOX  261218C00006000
2026-07-17T00:00:00.000000000Z,35,28,687877162,0.500000000,0.500000000,0.500000000,0.500000000,1,MSOX  260717C00002000
2026-07-17T00:00:00.000000000Z,35,35,687868497,0.250000000,0.250000000,0.250000000,0.250000000,5,MSOX  260821C00003000
2026-07-17T00:00:00.000000000Z,35,27,687870106,0.180000000,0.180000000,0.180000000,0.180000000,10,MSOX  270115P00001000
2026-07-17T00:00:00.000000000Z,35,22,687868497,0.260000000,0.260000000,0.260000000,0.260000000,1,MSOX  260821C00003000
2026-07-17T00:00:00.000000000Z,35,21,687876755,0.750000000,0.750000000,0.750000000,0.750000000,3,MSOX  260821P00003000
2026-07-17T00:00:00.000000000Z,35,28,687872980,0.020000000,0.020000000,0.020000000,0.020000000,3,MSOX  260717C00004000
2026-07-17T00:00:00.000000000Z,35,31,687877162,0.450000000,0.450000000,0.450000000,0.450000000,10,MSOX  260717C00002000
2026-07-17T00:00:00.000000000Z,35,27,687866384,0.200000000,0.200000000,0.190000000,0.190000000,12,MSOX  260821P00002000
2026-07-17T00:00:00.000000000Z,35,21,704647614,0.960000000,0.960000000,0.960000000,0.960000000,100,MSOX  260918P00003000
2026-07-17T00:00:00.000000000Z,35,32,687868497,0.210000000,0.210000000,0.210000000,0.210000000,50,MSOX  260821C00003000
2026-07-17T00:00:00.000000000Z,35,21,687866822,0.600000000,0.600000000,0.600000000,0.600000000,100,MSOX  260717P00003000
2026-07-17T00:00:00.000000000Z,35,22,687876755,0.780000000,0.790000000,0.780000000,0.790000000,51,MSOX  260821P00003000
2026-07-17T00:00:00.000000000Z,35,21,687866384,0.200000000,0.200000000,0.200000000,0.200000000,2,MSOX  260821P00002000
2026-07-17T00:00:00.000000000Z,35,26,687868497,0.250000000,0.250000000,0.250000000,0.250000000,5,MSOX  260821C00003000
2026-07-17T00:00:00.000000000Z,35,28,687868497,0.250000000,0.290000000,0.250000000,0.290000000,14,MSOX  260821C00003000
2026-07-17T00:00:00.000000000Z,35,36,687866822,0.590000000,0.590000000,0.590000000,0.590000000,11,MSOX  260717P00003000
2026-07-17T00:00:00.000000000Z,35,35,687877162,0.510000000,0.510000000,0.510000000,0.510000000,5,MSOX  260717C00002000
2026-07-17T00:00:00.000000000Z,35,26,687866822,0.550000000,0.550000000,0.550000000,0.550000000,10,MSOX  260717P00003000
2026-07-17T00:00:00.000000000Z,35,36,687866384,0.190000000,0.190000000,0.190000000,0.190000000,11,MSOX  260821P00002000
2026-07-17T00:00:00.000000000Z,35,37,687876767,1.750000000,1.750000000,1.750000000,1.750000000,2,MSOX  260821P00004000
2026-07-17T00:00:00.000000000Z,35,20,687868497,0.250000000,0.260000000,0.250000000,0.260000000,2,MSOX  260821C00003000
2026-07-17T00:00:00.000000000Z,35,27,687866402,0.660000000,0.670000000,0.660000000,0.670000000,18,MSOX  260821C00002000
2026-07-17T00:00:00.000000000Z,35,21,704647438,0.500000000,0.500000000,0.500000000,0.500000000,10,MSOX  261120C00005000
2026-07-17T00:00:00.000000000Z,35,26,704650267,0.400000000,0.400000000,0.400000000,0.400000000,3,MSOX  261218C00006000
2026-07-17T00:00:00.000000000Z,35,37,687868497,0.250000000,0.250000000,0.250000000,0.250000000,10,MSOX  260821C00003000
2026-07-17T00:00:00.000000000Z,35,35,687865974,0.810000000,0.810000000,0.810000000,0.810000000,5,MSOX  270115P00002000
2026-07-17T00:00:00.000000000Z,35,20,687866822,0.500000000,0.500000000,0.500000000,0.500000000,80,MSOX  260717P00003000
2026-07-17T00:00:00.000000000Z,35,20,687876767,1.740000000,1.740000000,1.740000000,1.740000000,5,MSOX  260821P00004000
2026-07-17T00:00:00.000000000Z,35,21,687868497,0.350000000,0.350000000,0.350000000,0.350000000,10,MSOX  260821C00003000
2026-07-17T00:00:00.000000000Z,35,24,687877162,0.510000000,0.510000000,0.510000000,0.510000000,15,MSOX  260717C00002000
2026-07-17T00:00:00.000000000Z,35,24,687875071,0.050000000,0.050000000,0.050000000,0.050000000,3,MSOX  260717C00003000
2026-07-17T00:00:00.000000000Z,35,37,687868025,0.800000000,0.800000000,0.800000000,0.800000000,20,MSOX  270115C00003000
2026-07-17T00:00:00.000000000Z,35,35,704647618,0.950000000,0.950000000,0.900000000,0.900000000,6,MSOX  261016C00002000
2026-07-17T00:00:00.000000000Z,35,22,704647614,0.980000000,0.980000000,0.980000000,0.980000000,50,MSOX  260918P00003000
2026-07-17T00:00:00.000000000Z,35,22,704650285,0.290000000,0.290000000,0.290000000,0.290000000,50,MSOX  260918C00003000
2026-07-20T00:00:00.000000000Z,35,31,687866309,0.150000000,0.150000000,0.150000000,0.150000000,36,MSOX  260821P00002000
2026-07-20T00:00:00.000000000Z,35,28,687871074,0.330000000,0.330000000,0.330000000,0.330000000,1,MSOX  270115C00010000
2026-07-20T00:00:00.000000000Z,35,29,687871415,0.830000000,0.830000000,0.730000000,0.730000000,105,MSOX  260821P00003000
2026-07-20T00:00:00.000000000Z,35,25,687874865,0.060000000,0.060000000,0.060000000,0.060000000,2,MSOX  260821C00005000
2026-07-20T00:00:00.000000000Z,35,27,687867673,0.150000000,0.150000000,0.150000000,0.150000000,5,MSOX  270115P00001000
2026-07-20T00:00:00.000000000Z,35,22,687871074,0.300000000,0.320000000,0.280000000,0.280000000,11,MSOX  270115C00010000
2026-07-20T00:00:00.000000000Z,35,20,687871074,0.460000000,0.460000000,0.280000000,0.280000000,3,MSOX  270115C00010000
2026-07-20T00:00:00.000000000Z,35,29,687873100,0.200000000,0.200000000,0.200000000,0.200000000,5,MSOX  260821C00003000
2026-07-20T00:00:00.000000000Z,35,28,687865978,2.250000000,2.250000000,2.250000000,2.250000000,100,MSOX  270115P00004000
2026-07-20T00:00:00.000000000Z,35,35,704647939,0.800000000,0.800000000,0.800000000,0.800000000,2,MSOX  261218C00003000
2026-07-20T00:00:00.000000000Z,35,22,704647443,0.520000000,0.520000000,0.520000000,0.520000000,2,MSOX  261120C00004000
2026-07-20T00:00:00.000000000Z,35,26,704643749,0.300000000,0.300000000,0.300000000,0.300000000,5,MSOX  261016C00004000
2026-07-20T00:00:00.000000000Z,35,26,704646387,1.000000000,1.000000000,1.000000000,1.000000000,80,MSOX  260918P00003000
2026-07-20T00:00:00.000000000Z,35,37,687866327,0.650000000,0.650000000,0.650000000,0.650000000,5,MSOX  260821C00002000
2026-07-20T00:00:00.000000000Z,35,20,687873100,0.250000000,0.250000000,0.250000000,0.250000000,4,MSOX  260821C00003000
2026-07-20T00:00:00.000000000Z,35,22,687869336,0.310000000,0.400000000,0.310000000,0.380000000,11,MSOX  270115C00009000
2026-07-20T00:00:00.000000000Z,35,20,687869336,0.470000000,0.470000000,0.380000000,0.380000000,3,MSOX  270115C00009000
2026-07-20T00:00:00.000000000Z,35,28,687874432,0.550000000,0.550000000,0.550000000,0.550000000,10,MSOX  270115C00006000
2026-07-20T00:00:00.000000000Z,35,28,687866309,0.150000000,0.180000000,0.150000000,0.180000000,110,MSOX  260821P00002000
2026-07-20T00:00:00.000000000Z,35,35,687871458,1.650000000,1.650000000,1.650000000,1.650000000,20,MSOX  260821P00004000
2026-07-20T00:00:00.000000000Z,35,35,687873100,0.270000000,0.270000000,0.200000000,0.250000000,40,MSOX  260821C00003000
2026-07-20T00:00:00.000000000Z,35,27,687874816,0.080000000,0.080000000,0.080000000,0.080000000,2,MSOX  260821C00004000
2026-07-20T00:00:00.000000000Z,35,26,687869343,1.220000000,1.220000000,1.220000000,1.220000000,15,MSOX  270115C00002000
2026-07-20T00:00:00.000000000Z,35,61,687866309,0.150000000,0.150000000,0.150000000,0.150000000,1,MSOX  260821P00002000
2026-07-20T00:00:00.000000000Z,35,34,687866327,0.710000000,0.710000000,0.710000000,0.710000000,4,MSOX  260821C00002000
2026-07-20T00:00:00.000000000Z,35,28,687869336,0.340000000,0.340000000,0.340000000,0.340000000,1,MSOX  270115C00009000
2026-07-20T00:00:00.000000000Z,35,34,687873103,0.030000000,0.030000000,0.030000000,0.030000000,4,MSOX  260821C00010000
2026-07-20T00:00:00.000000000Z,35,35,704646387,1.000000000,1.000000000,1.000000000,1.000000000,20,MSOX  260918P00003000
2026-07-20T00:00:00.000000000Z,35,25,704647443,0.500000000,0.500000000,0.500000000,0.500000000,10,MSOX  261120C00004000
2026-07-20T00:00:00.000000000Z,35,29,704643777,0.420000000,0.420000000,0.360000000,0.370000000,210,MSOX  260918P00002000
2026-07-20T00:00:00.000000000Z,35,37,687866309,0.150000000,0.150000000,0.150000000,0.150000000,139,MSOX  260821P00002000
2026-07-20T00:00:00.000000000Z,35,35,687874816,0.080000000,0.100000000,0.080000000,0.100000000,3,MSOX  260821C00004000
2026-07-20T00:00:00.000000000Z,35,24,687869336,0.330000000,0.400000000,0.330000000,0.380000000,5,MSOX  270115C00009000
2026-07-20T00:00:00.000000000Z,35,28,687874816,0.100000000,0.100000000,0.100000000,0.100000000,226,MSOX  260821C00004000
2026-07-20T00:00:00.000000000Z,35,26,687873100,0.250000000,0.280000000,0.250000000,0.280000000,23,MSOX  260821C00003000
2026-07-20T00:00:00.000000000Z,35,24,687874865,0.050000000,0.060000000,0.050000000,0.060000000,21,MSOX  260821C00005000
2026-07-20T00:00:00.000000000Z,35,21,687871415,0.800000000,0.800000000,0.800000000,0.800000000,2,MSOX  260821P00003000
2026-07-20T00:00:00.000000000Z,35,26,687874865,0.050000000,0.050000000,0.050000000,0.050000000,2,MSOX  260821C00005000
2026-07-20T00:00:00.000000000Z,35,25,687871415,0.700000000,0.700000000,0.700000000,0.700000000,5,MSOX  260821P00003000
2026-07-20T00:00:00.000000000Z,35,22,687873100,0.220000000,0.220000000,0.220000000,0.220000000,2,MSOX  260821C00003000
2026-07-20T00:00:00.000000000Z,35,35,687872718,0.800000000,0.800000000,0.800000000,0.800000000,100,MSOX  270115P00002000
2026-07-20T00:00:00.000000000Z,35,61,687874865,0.050000000,0.050000000,0.050000000,0.050000000,1,MSOX  260821C00005000
2026-07-20T00:00:00.000000000Z,35,28,704650189,0.510000000,0.510000000,0.510000000,0.510000000,4,MSOX  261120P00002000
2026-07-20T00:00:00.000000000Z,35,28,687871415,0.730000000,0.730000000,0.730000000,0.730000000,5,MSOX  260821P00003000
2026-07-20T00:00:00.000000000Z,35,37,687873100,0.250000000,0.250000000,0.250000000,0.250000000,7,MSOX  260821C00003000
2026-07-20T00:00:00.000000000Z,35,26,687871014,1.700000000,1.700000000,1.700000000,1.700000000,1,MSOX  270115C00001000
2026-07-20T00:00:00.000000000Z,35,27,687873100,0.210000000,0.240000000,0.210000000,0.240000000,55,MSOX  260821C00003000
2026-07-20T00:00:00.000000000Z,35,21,687874865,0.050000000,0.050000000,0.050000000,0.050000000,3,MSOX  260821C00005000
2026-07-20T00:00:00.000000000Z,35,26,687874816,0.100000000,0.100000000,0.080000000,0.080000000,7,MSOX  260821C00004000
2026-07-20T00:00:00.000000000Z,35,24,687871074,0.320000000,0.320000000,0.280000000,0.280000000,5,MSOX  270115C00010000
2026-07-20T00:00:00.000000000Z,35,26,687871458,1.650000000,1.650000000,1.650000000,1.650000000,80,MSOX  260821P00004000
2026-07-20T00:00:00.000000000Z,35,28,687873100,0.220000000,0.240000000,0.220000000,0.240000000,101,MSOX  260821C00003000
2026-07-20T00:00:00.000000000Z,35,31,687866323,0.050000000,0.050000000,0.050000000,0.050000000,2,MSOX  260821C00007000
2026-07-20T00:00:00.000000000Z,35,26,687866309,0.170000000,0.170000000,0.170000000,0.170000000,1,MSOX  260821P00002000
2026-07-20T00:00:00.000000000Z,35,26,687869704,0.020000000,0.020000000,0.020000000,0.020000000,1,MSOX  260821C00006000
2026-07-20T00:00:00.000000000Z,35,24,687873100,0.250000000,0.250000000,0.250000000,0.250000000,62,MSOX  260821C00003000
2026-07-20T00:00:00.000000000Z,35,23,687866309,0.150000000,0.150000000,0.150000000,0.150000000,13,MSOX  260821P00002000
2026-07-20T00:00:00.000000000Z,35,32,687866309,0.150000000,0.150000000,0.150000000,0.150000000,911,MSOX  260821P00002000
2026-07-20T00:00:00.000000000Z,35,26,704650189,0.550000000,0.550000000,0.550000000,0.550000000,100,MSOX  261120P00002000
2026-07-21T00:00:00.000000000Z,35,22,687875112,0.050000000,0.050000000,0.050000000,0.050000000,3,MSOX  260821C00005000
2026-07-21T00:00:00.000000000Z,35,31,687866299,0.150000000,0.150000000,0.150000000,0.150000000,2,MSOX  260821P00002000
2026-07-21T00:00:00.000000000Z,35,21,687865918,1.710000000,1.710000000,1.710000000,1.710000000,1,MSOX  270115C00001000
2026-07-21T00:00:00.000000000Z,35,28,687873326,0.210000000,0.270000000,0.210000000,0.250000000,53,MSOX  260821C00003000
2026-07-21T00:00:00.000000000Z,35,28,687866299,0.170000000,0.170000000,0.170000000,0.170000000,3,MSOX  260821P00002000
2026-07-21T00:00:00.000000000Z,35,32,687871610,0.750000000,0.750000000,0.750000000,0.750000000,1,MSOX  260821P00003000
2026-07-21T00:00:00.000000000Z,35,35,687875106,0.120000000,0.120000000,0.120000000,0.120000000,10,MSOX  260821C00004000
2026-07-21T00:00:00.000000000Z,35,28,687875112,0.050000000,0.050000000,0.050000000,0.050000000,6,MSOX  260821C00005000
2026-07-21T00:00:00.000000000Z,35,31,687875106,0.100000000,0.100000000,0.100000000,0.100000000,36,MSOX  260821C00004000
2026-07-21T00:00:00.000000000Z,35,26,687873326,0.250000000,0.250000000,0.250000000,0.250000000,17,MSOX  260821C00003000
2026-07-21T00:00:00.000000000Z,35,37,687875112,0.050000000,0.050000000,0.050000000,0.050000000,18,MSOX  260821C00005000
2026-07-21T00:00:00.000000000Z,35,26,704644937,0.320000000,0.320000000,0.320000000,0.320000000,220,MSOX  260918P00002000
2026-07-21T00:00:00.000000000Z,35,29,687873326,0.250000000,0.250000000,0.250000000,0.250000000,3,MSOX  260821C00003000
2026-07-21T00:00:00.000000000Z,35,24,687875106,0.100000000,0.100000000,0.050000000,0.050000000,42,MSOX  260821C00004000
2026-07-21T00:00:00.000000000Z,35,26,687871610,0.670000000,0.700000000,0.670000000,0.700000000,112,MSOX  260821P00003000
2026-07-21T00:00:00.000000000Z,35,24,687866329,0.650000000,0.650000000,0.650000000,0.650000000,1,MSOX  260821C00002000
2026-07-21T00:00:00.000000000Z,35,24,687875112,0.050000000,0.050000000,0.050000000,0.050000000,30,MSOX  260821C00005000
2026-07-21T00:00:00.000000000Z,35,35,687873326,0.300000000,0.300000000,0.230000000,0.250000000,35,MSOX  260821C00003000
2026-07-21T00:00:00.000000000Z,35,27,687873326,0.250000000,0.250000000,0.250000000,0.250000000,67,MSOX  260821C00003000
2026-07-21T00:00:00.000000000Z,35,61,687873326,0.250000000,0.250000000,0.250000000,0.250000000,20,MSOX  260821C00003000
2026-07-21T00:00:00.000000000Z,35,37,687873326,0.250000000,0.250000000,0.250000000,0.250000000,155,MSOX  260821C00003000
2026-07-21T00:00:00.000000000Z,35,35,704648927,0.480000000,0.480000000,0.480000000,0.480000000,10,MSOX  260918C00003000
2026-07-21T00:00:00.000000000Z,35,33,687866329,0.700000000,0.700000000,0.700000000,0.700000000,3,MSOX  260821C00002000
2026-07-21T00:00:00.000000000Z,35,37,687866299,0.150000000,0.150000000,0.150000000,0.150000000,2,MSOX  260821P00002000
2026-07-21T00:00:00.000000000Z,35,28,687866329,0.670000000,0.670000000,0.670000000,0.670000000,4,MSOX  260821C00002000
2026-07-21T00:00:00.000000000Z,35,36,687873326,0.250000000,0.260000000,0.250000000,0.260000000,10,MSOX  260821C00003000
2026-07-21T00:00:00.000000000Z,35,37,687865918,1.650000000,1.650000000,1.650000000,1.650000000,27,MSOX  270115C00001000
2026-07-21T00:00:00.000000000Z,35,31,687873326,0.250000000,0.250000000,0.250000000,0.250000000,5,MSOX  260821C00003000
2026-07-21T00:00:00.000000000Z,35,24,687871616,1.530000000,1.530000000,1.520000000,1.520000000,60,MSOX  260821P00004000
2026-07-21T00:00:00.000000000Z,35,35,687866299,0.150000000,0.180000000,0.150000000,0.180000000,2,MSOX  260821P00002000
2026-07-21T00:00:00.000000000Z,35,35,687875112,0.060000000,0.060000000,0.060000000,0.060000000,1,MSOX  260821C00005000
2026-07-21T00:00:00.000000000Z,35,26,687875106,0.100000000,0.100000000,0.100000000,0.100000000,50,MSOX  260821C00004000
2026-07-21T00:00:00.000000000Z,35,36,687875106,0.080000000,0.080000000,0.060000000,0.060000000,12,MSOX  260821C00004000
2026-07-21T00:00:00.000000000Z,35,35,687866329,0.700000000,0.700000000,0.700000000,0.700000000,1,MSOX  260821C00002000
2026-07-21T00:00:00.000000000Z,35,25,687873326,0.250000000,0.250000000,0.250000000,0.250000000,5,MSOX  260821C00003000
2026-07-21T00:00:00.000000000Z,35,22,687868081,0.050000000,0.050000000,0.050000000,0.050000000,2,MSOX  260821C00006000
2026-07-21T00:00:00.000000000Z,35,26,704643648,0.600000000,0.600000000,0.600000000,0.600000000,40,MSOX  261016C00003000
2026-07-21T00:00:00.000000000Z,35,61,704643627,1.000000000,1.000000000,1.000000000,1.000000000,4,MSOX  260918C00002000
2026-07-21T00:00:00.000000000Z,35,61,704648927,0.350000000,0.350000000,0.350000000,0.350000000,5,MSOX  260918C00003000
2026-07-21T00:00:00.000000000Z,35,26,704650245,0.250000000,0.250000000,0.250000000,0.250000000,1,MSOX  260918C00005000
2026-07-22T00:00:00.000000000Z,35,31,687867758,0.300000000,0.300000000,0.300000000,0.300000000,6,MSOX  270115C00010000
2026-07-22T00:00:00.000000000Z,35,21,687865947,0.150000000,0.150000000,0.150000000,0.150000000,1,MSOX  270115C00023000
2026-07-22T00:00:00.000000000Z,35,28,687866308,0.090000000,0.090000000,0.070000000,0.090000000,38,MSOX  260821C00004000
2026-07-22T00:00:00.000000000Z,35,22,687869483,0.460000000,0.460000000,0.460000000,0.460000000,9,MSOX  270115C00007000
2026-07-22T00:00:00.000000000Z,35,24,687868108,0.210000000,0.210000000,0.200000000,0.200000000,21,MSOX  260821C00003000
2026-07-22T00:00:00.000000000Z,35,27,687868108,0.220000000,0.220000000,0.220000000,0.220000000,10,MSOX  260821C00003000
2026-07-22T00:00:00.000000000Z,35,33,687866308,0.100000000,0.100000000,0.100000000,0.100000000,5,MSOX  260821C00004000
2026-07-22T00:00:00.000000000Z,35,36,704643477,0.450000000,0.450000000,0.450000000,0.450000000,10,MSOX  261120C00004000
2026-07-22T00:00:00.000000000Z,35,20,704646350,0.300000000,0.300000000,0.300000000,0.300000000,1,MSOX  260918P00002000
2026-07-22T00:00:00.000000000Z,35,36,704648975,0.140000000,0.140000000,0.140000000,0.140000000,5,MSOX  260918C00005000
2026-07-22T00:00:00.000000000Z,35,23,704643477,0.500000000,0.500000000,0.500000000,0.500000000,3,MSOX  261120C00004000
2026-07-22T00:00:00.000000000Z,35,21,687868108,0.200000000,0.200000000,0.200000000,0.200000000,15,MSOX  260821C00003000
2026-07-22T00:00:00.000000000Z,35,35,687867758,0.300000000,0.300000000,0.300000000,0.300000000,25,MSOX  270115C00010000
2026-07-22T00:00:00.000000000Z,35,31,687865947,0.150000000,0.150000000,0.150000000,0.150000000,15,MSOX  270115C00023000
2026-07-22T00:00:00.000000000Z,35,37,687865947,0.150000000,0.150000000,0.150000000,0.150000000,4,MSOX  270115C00023000
2026-07-22T00:00:00.000000000Z,35,20,687869483,0.470000000,0.470000000,0.470000000,0.470000000,2,MSOX  270115C00007000
2026-07-22T00:00:00.000000000Z,35,26,687866308,0.100000000,0.100000000,0.100000000,0.100000000,2,MSOX  260821C00004000
2026-07-22T00:00:00.000000000Z,35,61,687868108,0.200000000,0.200000000,0.200000000,0.200000000,16,MSOX  260821C00003000
2026-07-22T00:00:00.000000000Z,35,28,687868108,0.220000000,0.220000000,0.220000000,0.220000000,70,MSOX  260821C00003000
2026-07-22T00:00:00.000000000Z,35,24,687869483,0.460000000,0.460000000,0.460000000,0.460000000,1,MSOX  270115C00007000
2026-07-22T00:00:00.000000000Z,35,26,704645011,0.200000000,0.200000000,0.200000000,0.200000000,1,MSOX  260918C00004000
2026-07-22T00:00:00.000000000Z,35,28,704643477,0.510000000,0.510000000,0.510000000,0.510000000,1,MSOX  261120C00004000
2026-07-22T00:00:00.000000000Z,35,28,704645011,0.250000000,0.250000000,0.250000000,0.250000000,2,MSOX  260918C00004000
2026-07-22T00:00:00.000000000Z,35,37,704647412,1.550000000,1.550000000,1.550000000,1.550000000,3,MSOX  261120C00001000
2026-07-22T00:00:00.000000000Z,35,20,687869517,0.480000000,0.480000000,0.480000000,0.480000000,2,MSOX  270115C00006000
2026-07-22T00:00:00.000000000Z,35,24,687869517,0.470000000,0.470000000,0.470000000,0.470000000,1,MSOX  270115C00006000
2026-07-22T00:00:00.000000000Z,35,20,687866308,0.070000000,0.070000000,0.070000000,0.070000000,5,MSOX  260821C00004000
2026-07-22T00:00:00.000000000Z,35,35,687868108,0.220000000,0.220000000,0.220000000,0.220000000,40,MSOX  260821C00003000
2026-07-22T00:00:00.000000000Z,35,37,687866308,0.100000000,0.100000000,0.100000000,0.100000000,18,MSOX  260821C00004000
2026-07-22T00:00:00.000000000Z,35,61,704647673,1.550000000,1.550000000,1.550000000,1.550000000,1,MSOX  260918C00001000
2026-07-22T00:00:00.000000000Z,35,36,704649276,1.780000000,1.780000000,1.780000000,1.780000000,20,MSOX  261016P00004000
2026-07-22T00:00:00.000000000Z,35,28,704647673,1.540000000,1.540000000,1.520000000,1.520000000,2,MSOX  260918C00001000
2026-07-22T00:00:00.000000000Z,35,35,704648975,0.130000000,0.130000000,0.130000000,0.130000000,4,MSOX  260918C00005000
2026-07-22T00:00:00.000000000Z,35,61,704643477,0.500000000,0.500000000,0.500000000,0.500000000,1,MSOX  261120C00004000
2026-07-22T00:00:00.000000000Z,35,35,687875189,0.800000000,0.800000000,0.800000000,0.800000000,1,MSOX  260821P00003000
2026-07-22T00:00:00.000000000Z,35,20,687869817,0.100000000,0.100000000,0.100000000,0.100000000,3,MSOX  260821P00002000
2026-07-22T00:00:00.000000000Z,35,22,687869517,0.470000000,0.470000000,0.470000000,0.470000000,9,MSOX  270115C00006000
2026-07-22T00:00:00.000000000Z,35,35,687866308,0.080000000,0.090000000,0.080000000,0.090000000,10,MSOX  260821C00004000
2026-07-22T00:00:00.000000000Z,35,26,687869817,0.150000000,0.150000000,0.150000000,0.150000000,1,MSOX  260821P00002000
2026-07-22T00:00:00.000000000Z,35,32,687866308,0.100000000,0.100000000,0.100000000,0.100000000,5,MSOX  260821C00004000
2026-07-22T00:00:00.000000000Z,35,26,704648975,0.150000000,0.150000000,0.150000000,0.150000000,1,MSOX  260918C00005000
2026-07-22T00:00:00.000000000Z,35,35,704645011,0.250000000,0.250000000,0.250000000,0.250000000,2,MSOX  260918C00004000
2026-07-23T00:00:00.000000000Z,35,25,687873199,0.200000000,0.200000000,0.200000000,0.200000000,5,MSOX  270115C00020000
2026-07-23T00:00:00.000000000Z,35,20,687871413,0.510000000,0.510000000,0.510000000,0.510000000,3,MSOX  270115C00005000
2026-07-23T00:00:00.000000000Z,35,21,687867754,1.000000000,1.000000000,1.000000000,1.000000000,1,MSOX  270115C00002000
2026-07-23T00:00:00.000000000Z,35,22,687874975,0.290000000,0.290000000,0.290000000,0.290000000,5,MSOX  270115C00010000
2026-07-23T00:00:00.000000000Z,35,36,704648921,0.140000000,0.140000000,0.140000000,0.140000000,5,MSOX  260918C00005000
2026-07-23T00:00:00.000000000Z,35,24,704643629,0.200000000,0.200000000,0.200000000,0.200000000,3,MSOX  260918C00004000
2026-07-23T00:00:00.000000000Z,35,24,687865939,0.380000000,0.380000000,0.380000000,0.380000000,1,MSOX  270115C00007000
2026-07-23T00:00:00.000000000Z,35,29,687871413,0.600000000,0.600000000,0.600000000,0.600000000,25,MSOX  270115C00005000
2026-07-23T00:00:00.000000000Z,35,24,687865910,0.520000000,0.520000000,0.520000000,0.520000000,1,MSOX  270115C00006000
2026-07-23T00:00:00.000000000Z,35,22,687865939,0.440000000,0.440000000,0.380000000,0.380000000,9,MSOX  270115C00007000
2026-07-23T00:00:00.000000000Z,35,37,687871413,0.500000000,0.500000000,0.500000000,0.500000000,1,MSOX  270115C00005000
2026-07-23T00:00:00.000000000Z,35,20,687869952,0.250000000,0.250000000,0.180000000,0.180000000,4,MSOX  260821C00003000
2026-07-23T00:00:00.000000000Z,35,35,704643629,0.200000000,0.200000000,0.200000000,0.200000000,2,MSOX  260918C00004000
2026-07-23T00:00:00.000000000Z,35,28,704647549,0.350000000,0.350000000,0.350000000,0.350000000,48,MSOX  260918C00003000
2026-07-23T00:00:00.000000000Z,35,36,704647333,1.500000000,1.500000000,1.500000000,1.500000000,1,MSOX  261120C00001000
2026-07-23T00:00:00.000000000Z,35,22,687869952,0.200000000,0.200000000,0.200000000,0.200000000,45,MSOX  260821C00003000
2026-07-23T00:00:00.000000000Z,35,22,687869578,0.280000000,0.280000000,0.280000000,0.280000000,5,MSOX  270115C00011000
2026-07-23T00:00:00.000000000Z,35,37,687869952,0.200000000,0.200000000,0.200000000,0.200000000,1,MSOX  260821C00003000
2026-07-23T00:00:00.000000000Z,35,20,687865910,0.560000000,0.560000000,0.560000000,0.560000000,2,MSOX  270115C00006000
2026-07-23T00:00:00.000000000Z,35,28,687873579,0.180000000,0.180000000,0.180000000,0.180000000,1,MSOX  260821P00002000
2026-07-23T00:00:00.000000000Z,35,28,687869952,0.200000000,0.220000000,0.200000000,0.220000000,5,MSOX  260821C00003000
2026-07-23T00:00:00.000000000Z,35,36,687875363,0.090000000,0.090000000,0.090000000,0.090000000,2,MSOX  260821C00004000
2026-07-23T00:00:00.000000000Z,35,37,687873579,0.200000000,0.200000000,0.200000000,0.200000000,1,MSOX  260821P00002000
2026-07-23T00:00:00.000000000Z,35,20,687874987,1.560000000,1.560000000,1.560000000,1.560000000,3,MSOX  270115C00001000
2026-07-23T00:00:00.000000000Z,35,26,687873579,0.200000000,0.200000000,0.200000000,0.200000000,1,MSOX  260821P00002000
2026-07-23T00:00:00.000000000Z,35,31,704650156,0.350000000,0.350000000,0.350000000,0.350000000,40,MSOX  260918P00002000
2026-07-23T00:00:00.000000000Z,35,20,687865939,0.420000000,0.420000000,0.420000000,0.420000000,2,MSOX  270115C00007000
2026-07-23T00:00:00.000000000Z,35,61,687871388,0.150000000,0.150000000,0.150000000,0.150000000,2,MSOX  270115P00001000
2026-07-23T00:00:00.000000000Z,35,31,687874987,1.550000000,1.550000000,1.550000000,1.550000000,3,MSOX  270115C00001000
2026-07-23T00:00:00.000000000Z,35,26,687873229,0.750000000,0.750000000,0.750000000,0.750000000,1,MSOX  270115P00002000
2026-07-23T00:00:00.000000000Z,35,20,687871388,0.150000000,0.150000000,0.150000000,0.150000000,5,MSOX  270115P00001000
2026-07-23T00:00:00.000000000Z,35,28,687875363,0.080000000,0.080000000,0.080000000,0.080000000,2,MSOX  260821C00004000
2026-07-23T00:00:00.000000000Z,35,36,687871388,0.200000000,0.200000000,0.200000000,0.200000000,1,MSOX  270115P00001000
2026-07-23T00:00:00.000000000Z,35,22,687865910,0.570000000,0.570000000,0.520000000,0.520000000,9,MSOX  270115C00006000
2026-07-23T00:00:00.000000000Z,35,27,704647549,0.350000000,0.350000000,0.350000000,0.350000000,12,MSOX  260918C00003000
2026-07-23T00:00:00.000000000Z,35,26,704650156,0.350000000,0.350000000,0.350000000,0.350000000,1,MSOX  260918P00002000
2026-07-24T00:00:00.000000000Z,35,35,687875914,0.820000000,0.820000000,0.820000000,0.820000000,2,MSOX  270219P00002000
2026-07-24T00:00:00.000000000Z,35,28,687875302,0.150000000,0.150000000,0.150000000,0.150000000,5,MSOX  260821C00003000
2026-07-24T00:00:00.000000000Z,35,35,687875302,0.160000000,0.160000000,0.130000000,0.130000000,60,MSOX  260821C00003000
2026-07-24T00:00:00.000000000Z,35,24,687871424,0.420000000,0.500000000,0.420000000,0.420000000,11,MSOX  270115C00006000
2026-07-24T00:00:00.000000000Z,35,61,687873519,0.150000000,0.150000000,0.150000000,0.150000000,16,MSOX  260821P00002000
2026-07-24T00:00:00.000000000Z,35,37,687875302,0.150000000,0.150000000,0.150000000,0.150000000,3,MSOX  260821C00003000
2026-07-24T00:00:00.000000000Z,35,28,687873124,0.200000000,0.200000000,0.190000000,0.190000000,5,MSOX  270115P00001000
2026-07-24T00:00:00.000000000Z,35,22,687873124,0.200000000,0.200000000,0.200000000,0.200000000,3,MSOX  270115P00001000
2026-07-24T00:00:00.000000000Z,35,61,687873126,0.550000000,0.550000000,0.550000000,0.550000000,14,MSOX  270115C00005000
2026-07-24T00:00:00.000000000Z,35,20,687873519,0.150000000,0.150000000,0.150000000,0.150000000,3,MSOX  260821P00002000
2026-07-24T00:00:00.000000000Z,35,28,687873519,0.180000000,0.190000000,0.180000000,0.190000000,11,MSOX  260821P00002000
2026-07-24T00:00:00.000000000Z,35,34,687867743,0.800000000,0.800000000,0.800000000,0.800000000,2,MSOX  270115C00003000
2026-07-24T00:00:00.000000000Z,35,24,687871340,0.410000000,0.410000000,0.370000000,0.410000000,11,MSOX  270115C00007000
2026-07-24T00:00:00.000000000Z,35,21,687875302,0.150000000,0.150000000,0.150000000,0.150000000,39,MSOX  260821C00003000
2026-07-24T00:00:00.000000000Z,35,37,687873519,0.200000000,0.200000000,0.200000000,0.200000000,18,MSOX  260821P00002000
2026-07-24T00:00:00.000000000Z,35,22,687867715,0.190000000,0.190000000,0.190000000,0.190000000,1,MSOX  270115C00011000
2026-07-24T00:00:00.000000000Z,35,37,687868094,0.050000000,0.050000000,0.050000000,0.050000000,2,MSOX  260821C00005000
2026-07-24T00:00:00.000000000Z,35,61,687875302,0.150000000,0.150000000,0.150000000,0.150000000,24,MSOX  260821C00003000
2026-07-24T00:00:00.000000000Z,35,28,687871424,0.430000000,0.430000000,0.430000000,0.430000000,1,MSOX  270115C00006000
2026-07-24T00:00:00.000000000Z,35,31,687873497,0.500000000,0.500000000,0.500000000,0.500000000,1,MSOX  260821C00002000
2026-07-24T00:00:00.000000000Z,35,35,687873497,0.500000000,0.500000000,0.500000000,0.500000000,1,MSOX  260821C00002000
2026-07-24T00:00:00.000000000Z,35,36,687875914,0.960000000,0.960000000,0.850000000,0.850000000,8,MSOX  270219P00002000
2026-07-24T00:00:00.000000000Z,35,36,687866821,1.250000000,1.250000000,1.130000000,1.130000000,8,MSOX  270219C00002000
2026-07-24T00:00:00.000000000Z,35,26,687873497,0.400000000,0.400000000,0.400000000,0.400000000,1,MSOX  260821C00002000
2026-07-24T00:00:00.000000000Z,35,26,687875302,0.130000000,0.130000000,0.130000000,0.130000000,15,MSOX  260821C00003000
2026-07-24T00:00:00.000000000Z,35,31,687868092,0.050000000,0.050000000,0.050000000,0.050000000,5,MSOX  260821C00004000
2026-07-24T00:00:00.000000000Z,35,27,687875302,0.150000000,0.150000000,0.150000000,0.150000000,2,MSOX  260821C00003000
2026-07-24T00:00:00.000000000Z,35,26,687868092,0.050000000,0.050000000,0.050000000,0.050000000,6,MSOX  260821C00004000
2026-07-24T00:00:00.000000000Z,35,32,687873519,0.120000000,0.120000000,0.120000000,0.120000000,7,MSOX  260821P00002000
2026-07-24T00:00:00.000000000Z,35,36,687868092,0.080000000,0.080000000,0.050000000,0.050000000,45,MSOX  260821C00004000
2026-07-24T00:00:00.000000000Z,35,22,687869533,0.250000000,0.250000000,0.250000000,0.250000000,1,MSOX  270115C00010000
2026-07-24T00:00:00.000000000Z,35,22,687868094,0.030000000,0.030000000,0.030000000,0.030000000,2,MSOX  260821C00005000
2026-07-24T00:00:00.000000000Z,35,26,687873124,0.150000000,0.150000000,0.150000000,0.150000000,1,MSOX  270115P00001000
2026-07-24T00:00:00.000000000Z,35,20,687871340,0.420000000,0.420000000,0.420000000,0.420000000,1,MSOX  270115C00007000
2026-07-24T00:00:00.000000000Z,35,28,687871340,0.420000000,0.420000000,0.420000000,0.420000000,1,MSOX  270115C00007000
2026-07-24T00:00:00.000000000Z,35,37,687866324,0.050000000,0.050000000,0.050000000,0.050000000,14,MSOX  260821C00008000
2026-07-24T00:00:00.000000000Z,35,20,687871424,0.430000000,0.430000000,0.430000000,0.430000000,1,MSOX  270115C00006000
2026-07-24T00:00:00.000000000Z,35,22,687871340,0.410000000,0.410000000,0.360000000,0.410000000,18,MSOX  270115C00007000
2026-07-24T00:00:00.000000000Z,35,22,687871424,0.420000000,0.500000000,0.420000000,0.420000000,18,MSOX  270115C00006000
2026-07-24T00:00:00.000000000Z,35,27,704649135,0.100000000,0.120000000,0.100000000,0.120000000,10,MSOX  260918C00005000
2026-07-24T00:00:00.000000000Z,35,20,704649135,0.120000000,0.120000000,0.120000000,0.120000000,5,MSOX  260918C00005000
2026-07-24T00:00:00.000000000Z,35,22,704647590,0.100000000,0.100000000,0.100000000,0.100000000,2,MSOX  261120C00004000
2026-07-24T00:00:00.000000000Z,35,24,704647758,0.300000000,0.330000000,0.300000000,0.330000000,20,MSOX  260918C00003000
2026-07-24T00:00:00.000000000Z,35,25,704644973,0.450000000,0.450000000,0.450000000,0.450000000,6,MSOX  261218C00004000
2026-07-24T00:00:00.000000000Z,35,28,704649135,0.100000000,0.100000000,0.100000000,0.100000000,5,MSOX  260918C00005000
2026-07-24T00:00:00.000000000Z,35,24,704646201,0.550000000,0.550000000,0.550000000,0.550000000,4,MSOX  261120P00002000
2026-07-24T00:00:00.000000000Z,35,32,704647758,0.300000000,0.300000000,0.300000000,0.300000000,12,MSOX  260918C00003000
2026-07-24T00:00:00.000000000Z,35,26,704647758,0.350000000,0.350000000,0.350000000,0.350000000,1,MSOX  260918C00003000
2026-07-24T00:00:00.000000000Z,35,22,704649135,0.180000000,0.180000000,0.180000000,0.180000000,2,MSOX  260918C00005000
2026-07-24T00:00:00.000000000Z,35,37,704645500,0.050000000,0.050000000,0.050000000,0.050000000,5,MSOX  260918C00006000
2026-07-24T00:00:00.000000000Z,35,20,704644963,0.340000000,0.340000000,0.340000000,0.340000000,3,MSOX  260918P00002000
